scenario_id,model_id,status,resource_class,node,slurm_job_id,task_id,runtime_seconds,started_at,completed_at,error_message
swift_escalated,messageix,failed,cpu,tesla1,25649,0,1.8397368490695953,2026-05-04T04:36:36.584163+00:00,2026-05-04T04:36:39.264622+00:00,JVMNotFoundException: No JVM shared library file (libjvm.so) found. Try setting up the JAVA_HOME environment variable properly.
swift_escalated,temoa,skipped,cpu,tesla1,25649,1,,2026-05-04T04:36:40.107747+00:00,2026-05-04T04:36:41.015008+00:00,Not yet implemented: TEMOA baseline DB not found: Models/Energy/TEMOA/data_files/utopia.sqlite. Vendor a baseline SQLite (e.g. utopia.sqlite) under Models/Energy/TEMOA/data_files/ or override TEMOAConfig.baseline_db_path.
prolonged_escalated,miragrodep,skipped,cpu,tesla1,25649,10,,2026-05-04T04:37:04.199538+00:00,2026-05-04T04:37:05.060876+00:00,"Not yet implemented: MIRAGRODEP requires the 'gams' executable on PATH (GAMS + a CONOPT/PATH licence). Install GAMS and ensure 'gams' is on PATH, or set MIRAGRODEPConfig.gams_executable to its absolute path."
prolonged_escalated,osemosys,skipped,cpu,tesla1,25649,11,,2026-05-04T04:37:05.733136+00:00,2026-05-04T04:37:06.607455+00:00,Not yet implemented: OSeMOSYS baseline_data_dir not found: data/osemosys/baseline. Provide a baseline dataset (CSV-per-parameter layout).
prolonged_escalated,messageix,failed,cpu,tesla1,25649,12,1.068888634443283,2026-05-04T04:37:07.305803+00:00,2026-05-04T04:37:09.231247+00:00,JVMNotFoundException: No JVM shared library file (libjvm.so) found. Try setting up the JAVA_HOME environment variable properly.
prolonged_escalated,temoa,skipped,cpu,tesla1,25649,13,,2026-05-04T04:37:10.095685+00:00,2026-05-04T04:37:11.048356+00:00,Not yet implemented: TEMOA baseline DB not found: Models/Energy/TEMOA/data_files/utopia.sqlite. Vendor a baseline SQLite (e.g. utopia.sqlite) under Models/Energy/TEMOA/data_files/ or override TEMOAConfig.baseline_db_path.
infrastructure_collapse,fed_oil,skipped,cpu,tesla1,25649,14,,2026-05-04T04:37:11.887045+00:00,2026-05-04T04:37:12.734914+00:00,"Not yet implemented: FedOilAdapter.execute() is not yet implemented. Integration requires: (1) the Baumeister-Hamilton SVAR model codebase (available from the authors' replication archives for AER 2019), (2) baseline macroeconomic time series from FRED (US CPI, GDP, federal funds rate, oil prices, industrial production), (3) a MATLAB or R execution environment with the required econometric packages, and (4) output parsers for IRF and FEVD tables covering GDP, CPI, federal funds rate, and unemployment responses."
infrastructure_collapse,gtap,skipped,cpu,tesla1,25649,15,,2026-05-04T04:37:13.377609+00:00,2026-05-04T04:37:15.758726+00:00,"Not yet implemented: GTAPAdapter.execute is not yet implemented. Real integration requires: (1) a licensed GTAP database (version 10+, from the GTAP Center at Purdue University), (2) a GTAP model software installation (RunGTAP or FlexGTAP), (3) writing shock and closure files specifying oil price, fertilizer cost, and trade-route disruption shocks, (4) invoking the GTAP executable via subprocess, and (5) parsing the HAR/SOL solution file for welfare (EV by region), bilateral trade flows, and producer/consumer price changes by sector."
infrastructure_collapse,nems,failed,cpu,tesla1,25649,16,,2026-05-04T04:37:16.503050+00:00,2026-05-04T04:37:17.432691+00:00,"Validation failed: scenario_id 'infrastructure_collapse' not in NEMS output mapping. Available: baseline, prolonged_contained, prolonged_escalated, swift_contained, swift_escalated"
infrastructure_collapse,mam,completed,cpu,tesla1,25649,17,0.25863462686538696,2026-05-04T04:37:18.181071+00:00,2026-05-04T04:37:19.357542+00:00,
infrastructure_collapse,nrel,skipped,cpu,tesla1,25649,18,,2026-05-04T04:37:20.018604+00:00,2026-05-04T04:37:20.863917+00:00,"Not yet implemented: NRELAdapter.execute() is not yet implemented. Real implementation requires: (1) access to the NREL ReEDS model or Cambium dataset (available via NREL's open-source repository or data API), (2) scenario configuration files specifying natural gas price overrides for the disruption period, (3) a Python environment with the NREL model dependencies, and (4) post-processing scripts to extract dispatch mix, retail electricity prices, and capacity utilization from ReEDS output files."
infrastructure_collapse,mpsge_jl,skipped,cpu,tesla1,25649,19,,2026-05-04T04:37:21.524185+00:00,2026-05-04T04:37:22.394664+00:00,"Not yet implemented: MPSGEJLAdapter.execute() is not yet implemented. Provide a JuliaConfig to enable execution via juliacall or subprocess. Requirements: (1) Julia >=1.9 with MPSGE.jl and JuMP packages, (2) GTAP database v10+ with calibration scripts, (3) juliacall (pip install juliacall) or Julia subprocess. Consider custom sysimages via PackageCompiler.jl to eliminate JIT latency."
prolonged_escalated,fed_oil,skipped,cpu,tesla1,25649,2,,2026-05-04T04:36:41.690741+00:00,2026-05-04T04:36:42.540130+00:00,"Not yet implemented: FedOilAdapter.execute() is not yet implemented. Integration requires: (1) the Baumeister-Hamilton SVAR model codebase (available from the authors' replication archives for AER 2019), (2) baseline macroeconomic time series from FRED (US CPI, GDP, federal funds rate, oil prices, industrial production), (3) a MATLAB or R execution environment with the required econometric packages, and (4) output parsers for IRF and FEVD tables covering GDP, CPI, federal funds rate, and unemployment responses."
infrastructure_collapse,opencge,failed,cpu,tesla1,25649,20,4.7620300985872746,2026-05-04T04:37:23.073150+00:00,2026-05-04T04:37:28.707488+00:00,"ValidationError: {
    ""errors"": {
        ""Z"": [
            ""Not a valid list."",
            ""Not a valid list."",
            ""Not a valid list."",
            ""Not a valid list."",
            ""Not a valid list."",
            ""Not a valid list."",
            ""Not a valid list."",
            ""Not a valid list."",
            ""Not a valid list."",
            ""Not a valid list."",
            ""Not a valid list."",
            ""Not a valid list."",
            ""Not a valid list."",
            ""Not a valid list."",
            ""Not a valid list."",
            ""Not a valid list."",
            ""Not a valid list."",
            ""Not a valid list."",
            ""Not a valid list."",
            ""Not a valid list."",
            ""Not a valid list."",
            ""Not a valid list."",
            ""Not a valid list."",
            ""Not a valid list."",
            ""Not a valid list.""
        ],
        ""delta_tau_annual"": [
            ""Not a valid list.""
        ]
    }
}"
infrastructure_collapse,pycge,completed,cpu,tesla1,25649,21,3.2013338916003704,2026-05-04T04:37:29.828430+00:00,2026-05-04T04:37:33.877901+00:00,
infrastructure_collapse,miragrodep,skipped,cpu,tesla1,25649,22,,2026-05-04T04:37:35.251496+00:00,2026-05-04T04:37:36.108726+00:00,"Not yet implemented: MIRAGRODEP requires the 'gams' executable on PATH (GAMS + a CONOPT/PATH licence). Install GAMS and ensure 'gams' is on PATH, or set MIRAGRODEPConfig.gams_executable to its absolute path."
infrastructure_collapse,osemosys,skipped,cpu,tesla1,25649,23,,2026-05-04T04:37:36.806562+00:00,2026-05-04T04:37:37.663067+00:00,Not yet implemented: OSeMOSYS baseline_data_dir not found: data/osemosys/baseline. Provide a baseline dataset (CSV-per-parameter layout).
infrastructure_collapse,messageix,failed,cpu,tesla1,25649,24,1.2191821373999119,2026-05-04T04:37:38.368100+00:00,2026-05-04T04:37:40.445035+00:00,JVMNotFoundException: No JVM shared library file (libjvm.so) found. Try setting up the JAVA_HOME environment variable properly.
infrastructure_collapse,temoa,skipped,cpu,tesla1,25649,25,,2026-05-04T04:37:41.229328+00:00,2026-05-04T04:37:42.129626+00:00,Not yet implemented: TEMOA baseline DB not found: Models/Energy/TEMOA/data_files/utopia.sqlite. Vendor a baseline SQLite (e.g. utopia.sqlite) under Models/Energy/TEMOA/data_files/ or override TEMOAConfig.baseline_db_path.
swift_contained,gtap,skipped,cpu,tesla1,25649,26,,2026-05-04T04:37:42.874424+00:00,2026-05-04T04:37:43.724217+00:00,"Not yet implemented: GTAPAdapter.execute is not yet implemented. Real integration requires: (1) a licensed GTAP database (version 10+, from the GTAP Center at Purdue University), (2) a GTAP model software installation (RunGTAP or FlexGTAP), (3) writing shock and closure files specifying oil price, fertilizer cost, and trade-route disruption shocks, (4) invoking the GTAP executable via subprocess, and (5) parsing the HAR/SOL solution file for welfare (EV by region), bilateral trade flows, and producer/consumer price changes by sector."
swift_contained,nems,skipped,cpu,tesla1,25649,27,,2026-05-04T04:37:44.452385+00:00,2026-05-04T04:37:45.289696+00:00,"Not yet implemented: NEMS output directory not found: data/nems_outputs/Hormuz_ScenarioA
Run NEMS externally and place outputs at this path, or update NEMSConfig.scenario_dir_mapping."
swift_contained,mam,completed,cpu,tesla1,25649,28,0.21000876650214195,2026-05-04T04:37:45.971516+00:00,2026-05-04T04:37:47.033016+00:00,
swift_contained,nrel,skipped,cpu,tesla1,25649,29,,2026-05-04T04:37:47.740599+00:00,2026-05-04T04:37:48.577816+00:00,"Not yet implemented: NRELAdapter.execute() is not yet implemented. Real implementation requires: (1) access to the NREL ReEDS model or Cambium dataset (available via NREL's open-source repository or data API), (2) scenario configuration files specifying natural gas price overrides for the disruption period, (3) a Python environment with the NREL model dependencies, and (4) post-processing scripts to extract dispatch mix, retail electricity prices, and capacity utilization from ReEDS output files."
prolonged_escalated,gtap,skipped,cpu,tesla1,25649,3,,2026-05-04T04:36:43.218446+00:00,2026-05-04T04:36:44.063969+00:00,"Not yet implemented: GTAPAdapter.execute is not yet implemented. Real integration requires: (1) a licensed GTAP database (version 10+, from the GTAP Center at Purdue University), (2) a GTAP model software installation (RunGTAP or FlexGTAP), (3) writing shock and closure files specifying oil price, fertilizer cost, and trade-route disruption shocks, (4) invoking the GTAP executable via subprocess, and (5) parsing the HAR/SOL solution file for welfare (EV by region), bilateral trade flows, and producer/consumer price changes by sector."
swift_contained,mpsge_jl,skipped,cpu,tesla1,25649,30,,2026-05-04T04:37:49.242404+00:00,2026-05-04T04:37:50.128574+00:00,"Not yet implemented: MPSGEJLAdapter.execute() is not yet implemented. Provide a JuliaConfig to enable execution via juliacall or subprocess. Requirements: (1) Julia >=1.9 with MPSGE.jl and JuMP packages, (2) GTAP database v10+ with calibration scripts, (3) juliacall (pip install juliacall) or Julia subprocess. Consider custom sysimages via PackageCompiler.jl to eliminate JIT latency."
swift_contained,opencge,failed,cpu,tesla1,25649,31,4.652814835309982,2026-05-04T04:37:50.832497+00:00,2026-05-04T04:37:56.321021+00:00,"ValidationError: {
    ""errors"": {
        ""Z"": [
            ""Not a valid list."",
            ""Not a valid list."",
            ""Not a valid list."",
            ""Not a valid list."",
            ""Not a valid list."",
            ""Not a valid list."",
            ""Not a valid list."",
            ""Not a valid list."",
            ""Not a valid list."",
            ""Not a valid list."",
            ""Not a valid list."",
            ""Not a valid list."",
            ""Not a valid list."",
            ""Not a valid list."",
            ""Not a valid list."",
            ""Not a valid list."",
            ""Not a valid list."",
            ""Not a valid list."",
            ""Not a valid list."",
            ""Not a valid list."",
            ""Not a valid list."",
            ""Not a valid list."",
            ""Not a valid list."",
            ""Not a valid list."",
            ""Not a valid list.""
        ],
        ""delta_tau_annual"": [
            ""Not a valid list.""
        ]
    }
}"
swift_contained,pycge,completed,cpu,tesla1,25649,32,3.4398305788636208,2026-05-04T04:37:57.346874+00:00,2026-05-04T04:38:01.630684+00:00,
swift_contained,miragrodep,skipped,cpu,tesla1,25649,33,,2026-05-04T04:38:02.750764+00:00,2026-05-04T04:38:03.576076+00:00,"Not yet implemented: MIRAGRODEP requires the 'gams' executable on PATH (GAMS + a CONOPT/PATH licence). Install GAMS and ensure 'gams' is on PATH, or set MIRAGRODEPConfig.gams_executable to its absolute path."
swift_contained,osemosys,skipped,cpu,tesla1,25649,34,,2026-05-04T04:38:04.264355+00:00,2026-05-04T04:38:05.102786+00:00,Not yet implemented: OSeMOSYS baseline_data_dir not found: data/osemosys/baseline. Provide a baseline dataset (CSV-per-parameter layout).
swift_contained,messageix,failed,cpu,tesla1,25649,35,1.0320558287203312,2026-05-04T04:38:05.785896+00:00,2026-05-04T04:38:07.711633+00:00,JVMNotFoundException: No JVM shared library file (libjvm.so) found. Try setting up the JAVA_HOME environment variable properly.
swift_contained,temoa,skipped,cpu,tesla1,25649,36,,2026-05-04T04:38:08.545920+00:00,2026-05-04T04:38:09.431373+00:00,Not yet implemented: TEMOA baseline DB not found: Models/Energy/TEMOA/data_files/utopia.sqlite. Vendor a baseline SQLite (e.g. utopia.sqlite) under Models/Energy/TEMOA/data_files/ or override TEMOAConfig.baseline_db_path.
prolonged_contained,fed_oil,skipped,cpu,tesla1,25649,37,,2026-05-04T04:38:10.110569+00:00,2026-05-04T04:38:11.047592+00:00,"Not yet implemented: FedOilAdapter.execute() is not yet implemented. Integration requires: (1) the Baumeister-Hamilton SVAR model codebase (available from the authors' replication archives for AER 2019), (2) baseline macroeconomic time series from FRED (US CPI, GDP, federal funds rate, oil prices, industrial production), (3) a MATLAB or R execution environment with the required econometric packages, and (4) output parsers for IRF and FEVD tables covering GDP, CPI, federal funds rate, and unemployment responses."
prolonged_contained,gtap,skipped,cpu,tesla1,25649,38,,2026-05-04T04:38:11.728568+00:00,2026-05-04T04:38:12.827532+00:00,"Not yet implemented: GTAPAdapter.execute is not yet implemented. Real integration requires: (1) a licensed GTAP database (version 10+, from the GTAP Center at Purdue University), (2) a GTAP model software installation (RunGTAP or FlexGTAP), (3) writing shock and closure files specifying oil price, fertilizer cost, and trade-route disruption shocks, (4) invoking the GTAP executable via subprocess, and (5) parsing the HAR/SOL solution file for welfare (EV by region), bilateral trade flows, and producer/consumer price changes by sector."
prolonged_contained,nems,skipped,cpu,tesla1,25649,39,,2026-05-04T04:38:13.627257+00:00,2026-05-04T04:38:14.485574+00:00,"Not yet implemented: NEMS output directory not found: data/nems_outputs/Hormuz_ScenarioB
Run NEMS externally and place outputs at this path, or update NEMSConfig.scenario_dir_mapping."
prolonged_escalated,nems,skipped,cpu,tesla1,25649,4,,2026-05-04T04:36:44.716486+00:00,2026-05-04T04:36:45.581825+00:00,"Not yet implemented: NEMS output directory not found: data/nems_outputs/Hormuz_ScenarioD
Run NEMS externally and place outputs at this path, or update NEMSConfig.scenario_dir_mapping."
prolonged_contained,mam,completed,cpu,tesla1,25649,40,0.2679070979356766,2026-05-04T04:38:15.174450+00:00,2026-05-04T04:38:16.316591+00:00,
prolonged_contained,nrel,skipped,cpu,tesla1,25649,41,,2026-05-04T04:38:16.991524+00:00,2026-05-04T04:38:17.905357+00:00,"Not yet implemented: NRELAdapter.execute() is not yet implemented. Real implementation requires: (1) access to the NREL ReEDS model or Cambium dataset (available via NREL's open-source repository or data API), (2) scenario configuration files specifying natural gas price overrides for the disruption period, (3) a Python environment with the NREL model dependencies, and (4) post-processing scripts to extract dispatch mix, retail electricity prices, and capacity utilization from ReEDS output files."
prolonged_contained,mpsge_jl,skipped,cpu,tesla1,25649,42,,2026-05-04T04:38:18.583801+00:00,2026-05-04T04:38:19.492380+00:00,"Not yet implemented: MPSGEJLAdapter.execute() is not yet implemented. Provide a JuliaConfig to enable execution via juliacall or subprocess. Requirements: (1) Julia >=1.9 with MPSGE.jl and JuMP packages, (2) GTAP database v10+ with calibration scripts, (3) juliacall (pip install juliacall) or Julia subprocess. Consider custom sysimages via PackageCompiler.jl to eliminate JIT latency."
prolonged_contained,opencge,failed,cpu,tesla1,25649,43,4.647321280092001,2026-05-04T04:38:20.146219+00:00,2026-05-04T04:38:25.647277+00:00,"ValidationError: {
    ""errors"": {
        ""Z"": [
            ""Not a valid list."",
            ""Not a valid list."",
            ""Not a valid list."",
            ""Not a valid list."",
            ""Not a valid list."",
            ""Not a valid list."",
            ""Not a valid list."",
            ""Not a valid list."",
            ""Not a valid list."",
            ""Not a valid list."",
            ""Not a valid list."",
            ""Not a valid list."",
            ""Not a valid list."",
            ""Not a valid list."",
            ""Not a valid list."",
            ""Not a valid list."",
            ""Not a valid list."",
            ""Not a valid list."",
            ""Not a valid list."",
            ""Not a valid list."",
            ""Not a valid list."",
            ""Not a valid list."",
            ""Not a valid list."",
            ""Not a valid list."",
            ""Not a valid list.""
        ],
        ""delta_tau_annual"": [
            ""Not a valid list.""
        ]
    }
}"
prolonged_contained,pycge,completed,cpu,tesla1,25649,44,3.0807872340083122,2026-05-04T04:38:26.704523+00:00,2026-05-04T04:38:30.615540+00:00,
prolonged_contained,miragrodep,skipped,cpu,tesla1,25649,45,,2026-05-04T04:38:31.736444+00:00,2026-05-04T04:38:32.607377+00:00,"Not yet implemented: MIRAGRODEP requires the 'gams' executable on PATH (GAMS + a CONOPT/PATH licence). Install GAMS and ensure 'gams' is on PATH, or set MIRAGRODEPConfig.gams_executable to its absolute path."
prolonged_contained,osemosys,skipped,cpu,tesla1,25649,46,,2026-05-04T04:38:33.340156+00:00,2026-05-04T04:38:34.171817+00:00,Not yet implemented: OSeMOSYS baseline_data_dir not found: data/osemosys/baseline. Provide a baseline dataset (CSV-per-parameter layout).
prolonged_contained,messageix,failed,cpu,tesla1,25649,47,1.0671847760677338,2026-05-04T04:38:34.847256+00:00,2026-05-04T04:38:36.787214+00:00,JVMNotFoundException: No JVM shared library file (libjvm.so) found. Try setting up the JAVA_HOME environment variable properly.
prolonged_contained,temoa,skipped,cpu,tesla1,25649,48,,2026-05-04T04:38:37.586884+00:00,2026-05-04T04:38:38.487167+00:00,Not yet implemented: TEMOA baseline DB not found: Models/Energy/TEMOA/data_files/utopia.sqlite. Vendor a baseline SQLite (e.g. utopia.sqlite) under Models/Energy/TEMOA/data_files/ or override TEMOAConfig.baseline_db_path.
swift_contained,fed_oil,skipped,cpu,tesla1,25649,49,,2026-05-04T04:38:39.179536+00:00,2026-05-04T04:38:40.017614+00:00,"Not yet implemented: FedOilAdapter.execute() is not yet implemented. Integration requires: (1) the Baumeister-Hamilton SVAR model codebase (available from the authors' replication archives for AER 2019), (2) baseline macroeconomic time series from FRED (US CPI, GDP, federal funds rate, oil prices, industrial production), (3) a MATLAB or R execution environment with the required econometric packages, and (4) output parsers for IRF and FEVD tables covering GDP, CPI, federal funds rate, and unemployment responses."
prolonged_escalated,mam,completed,cpu,tesla1,25649,5,0.5721098147332668,2026-05-04T04:36:46.242563+00:00,2026-05-04T04:36:47.651752+00:00,
swift_escalated,fed_oil,skipped,cpu,tesla1,25649,50,,2026-05-04T04:38:40.726748+00:00,2026-05-04T04:38:41.561393+00:00,"Not yet implemented: FedOilAdapter.execute() is not yet implemented. Integration requires: (1) the Baumeister-Hamilton SVAR model codebase (available from the authors' replication archives for AER 2019), (2) baseline macroeconomic time series from FRED (US CPI, GDP, federal funds rate, oil prices, industrial production), (3) a MATLAB or R execution environment with the required econometric packages, and (4) output parsers for IRF and FEVD tables covering GDP, CPI, federal funds rate, and unemployment responses."
swift_escalated,gtap,skipped,cpu,tesla1,25649,51,,2026-05-04T04:38:42.248206+00:00,2026-05-04T04:38:43.112359+00:00,"Not yet implemented: GTAPAdapter.execute is not yet implemented. Real integration requires: (1) a licensed GTAP database (version 10+, from the GTAP Center at Purdue University), (2) a GTAP model software installation (RunGTAP or FlexGTAP), (3) writing shock and closure files specifying oil price, fertilizer cost, and trade-route disruption shocks, (4) invoking the GTAP executable via subprocess, and (5) parsing the HAR/SOL solution file for welfare (EV by region), bilateral trade flows, and producer/consumer price changes by sector."
swift_escalated,nems,skipped,cpu,tesla1,25649,52,,2026-05-04T04:38:43.817247+00:00,2026-05-04T04:38:44.676069+00:00,"Not yet implemented: NEMS output directory not found: data/nems_outputs/Hormuz_ScenarioC
Run NEMS externally and place outputs at this path, or update NEMSConfig.scenario_dir_mapping."
swift_escalated,mam,completed,cpu,tesla1,25649,53,0.20852553471922874,2026-05-04T04:38:45.381824+00:00,2026-05-04T04:38:46.455453+00:00,
swift_escalated,nrel,skipped,cpu,tesla1,25649,54,,2026-05-04T04:38:47.165067+00:00,2026-05-04T04:38:48.002749+00:00,"Not yet implemented: NRELAdapter.execute() is not yet implemented. Real implementation requires: (1) access to the NREL ReEDS model or Cambium dataset (available via NREL's open-source repository or data API), (2) scenario configuration files specifying natural gas price overrides for the disruption period, (3) a Python environment with the NREL model dependencies, and (4) post-processing scripts to extract dispatch mix, retail electricity prices, and capacity utilization from ReEDS output files."
swift_escalated,mpsge_jl,skipped,cpu,tesla1,25649,55,,2026-05-04T04:38:48.687468+00:00,2026-05-04T04:38:49.521367+00:00,"Not yet implemented: MPSGEJLAdapter.execute() is not yet implemented. Provide a JuliaConfig to enable execution via juliacall or subprocess. Requirements: (1) Julia >=1.9 with MPSGE.jl and JuMP packages, (2) GTAP database v10+ with calibration scripts, (3) juliacall (pip install juliacall) or Julia subprocess. Consider custom sysimages via PackageCompiler.jl to eliminate JIT latency."
swift_escalated,opencge,failed,cpu,tesla1,25649,56,4.559099398553371,2026-05-04T04:38:50.172179+00:00,2026-05-04T04:38:55.560169+00:00,"ValidationError: {
    ""errors"": {
        ""Z"": [
            ""Not a valid list."",
            ""Not a valid list."",
            ""Not a valid list."",
            ""Not a valid list."",
            ""Not a valid list."",
            ""Not a valid list."",
            ""Not a valid list."",
            ""Not a valid list."",
            ""Not a valid list."",
            ""Not a valid list."",
            ""Not a valid list."",
            ""Not a valid list."",
            ""Not a valid list."",
            ""Not a valid list."",
            ""Not a valid list."",
            ""Not a valid list."",
            ""Not a valid list."",
            ""Not a valid list."",
            ""Not a valid list."",
            ""Not a valid list."",
            ""Not a valid list."",
            ""Not a valid list."",
            ""Not a valid list."",
            ""Not a valid list."",
            ""Not a valid list.""
        ],
        ""delta_tau_annual"": [
            ""Not a valid list.""
        ]
    }
}"
swift_escalated,pycge,completed,cpu,tesla1,25649,57,3.214146576821804,2026-05-04T04:38:56.552022+00:00,2026-05-04T04:39:00.652232+00:00,
swift_escalated,miragrodep,skipped,cpu,tesla1,25649,58,,2026-05-04T04:39:02.002459+00:00,2026-05-04T04:39:02.851233+00:00,"Not yet implemented: MIRAGRODEP requires the 'gams' executable on PATH (GAMS + a CONOPT/PATH licence). Install GAMS and ensure 'gams' is on PATH, or set MIRAGRODEPConfig.gams_executable to its absolute path."
swift_escalated,osemosys,skipped,cpu,tesla1,25649,59,,2026-05-04T04:39:03.501499+00:00,2026-05-04T04:39:04.341352+00:00,Not yet implemented: OSeMOSYS baseline_data_dir not found: data/osemosys/baseline. Provide a baseline dataset (CSV-per-parameter layout).
prolonged_escalated,nrel,skipped,cpu,tesla1,25649,6,,2026-05-04T04:36:48.328396+00:00,2026-05-04T04:36:49.196028+00:00,"Not yet implemented: NRELAdapter.execute() is not yet implemented. Real implementation requires: (1) access to the NREL ReEDS model or Cambium dataset (available via NREL's open-source repository or data API), (2) scenario configuration files specifying natural gas price overrides for the disruption period, (3) a Python environment with the NREL model dependencies, and (4) post-processing scripts to extract dispatch mix, retail electricity prices, and capacity utilization from ReEDS output files."
swift_contained,bornstein_krusell_rebelo,failed,cpu,tesla1,25649,60,0.0001339353621006012,2026-05-04T04:35:35.729253+00:00,2026-05-04T04:35:36.559738+00:00,FileNotFoundError: Dynare .mod file not found: Models/Oil/WorldEquilibriumOilModel/Replication Files/Section 5/supply_shocks_to_non_opec/dynare_codes/World_Economy_Cartel_nonopec_shocks.mod. Verify the section/mod_file configuration.
prolonged_contained,marketsim,skipped,cpu,tesla1,25649,61,,2026-05-04T04:35:37.211325+00:00,2026-05-04T04:35:38.093901+00:00,"Not yet implemented: MarketSimAdapter.execute() is not yet implemented. Integration requires: (1) access to the BOEM MarketSim model codebase and calibration data from BOEM's Office of Resource Evaluation, (2) regional demand elasticity matrices and baseline consumption data by sector, (3) a compatible Python or compiled-binary execution environment, and (4) output parsers for consumer/producer surplus tables and fuel-switching volumes by energy carrier and sector."
prolonged_contained,energy_flux_gas_power,completed,cpu,tesla1,25649,62,0.0002841837704181671,2026-05-04T04:35:38.765854+00:00,2026-05-04T04:35:39.607532+00:00,
prolonged_contained,energy_flux_lng_profits,failed,cpu,tesla1,25649,63,,2026-05-04T04:35:40.271523+00:00,2026-05-04T04:35:41.105412+00:00,"Validation failed: Provide either 'price_schedule' (12 rows) or all of 'ttf_peak_price', 'jkm_peak_price', 'hh_crisis_price'."
prolonged_contained,ggm,skipped,cpu,tesla1,25649,64,,2026-05-04T04:35:41.753591+00:00,2026-05-04T04:35:42.616266+00:00,"Not yet implemented: GGMAdapter.execute() requires a GGMConfig. Prerequisites:
  1. GAMS installation with CPLEX solver license
  2. gamsapi Python package (pip install gamsapi[transfer])
  3. GGM model directory with data/SET-Nav/*.xlsx files
  4. GGMConfig(gams_system_dir=..., model_dir=...)
"
prolonged_contained,lngst,skipped,cpu,tesla1,25649,65,,2026-05-04T04:35:43.303516+00:00,2026-05-04T04:35:44.167380+00:00,Not yet implemented: LNGSTAdapter.execute is not yet implemented. Provide an ExcelConfig with the workbook path to enable execution. The ExcelAdapter base class handles openpyxl (headless) or xlwings (full recalculation) based on config. Update input_mappings and output_mappings once the actual workbook cell layout is known.
prolonged_contained,world_helium_model,completed,cpu,tesla1,25649,66,6.282329559326172e-05,2026-05-04T04:35:44.814802+00:00,2026-05-04T04:35:45.645580+00:00,
prolonged_contained,capri,skipped,cpu,tesla1,25649,67,,2026-05-04T04:35:46.309170+00:00,2026-05-04T04:35:47.144366+00:00,"Not yet implemented: CAPRIAdapter.execute is not yet implemented. Real integration requires: (1) a GAMS installation with the CAPRI model repository, (2) writing scenario shock files to the CAPRI scenario directory, (3) invoking the CAPRI GAMS entry point via subprocess, and (4) parsing the CAPRI results database (GDX or CSV output)."
swift_contained,poles_jrc,completed,cpu,tesla1,25649,68,8.676201105117798e-05,2026-05-04T04:35:47.808833+00:00,2026-05-04T04:35:48.645791+00:00,
prolonged_contained,magpie,skipped,cpu,tesla1,25649,69,,2026-05-04T04:35:49.356074+00:00,2026-05-04T04:35:50.221817+00:00,"Not yet implemented: MAgPIE source tree not found. Pass magpie_root to the adapter constructor or set the MAGPIE_ROOT environment variable. Tried: none of Models/Fertilizer/magpie-master/magpie-master, Models/Fertilizer/magpie-master, Models/Fertilizer/magpie"
prolonged_escalated,mpsge_jl,skipped,cpu,tesla1,25649,7,,2026-05-04T04:36:49.927469+00:00,2026-05-04T04:36:50.799639+00:00,"Not yet implemented: MPSGEJLAdapter.execute() is not yet implemented. Provide a JuliaConfig to enable execution via juliacall or subprocess. Requirements: (1) Julia >=1.9 with MPSGE.jl and JuMP packages, (2) GTAP database v10+ with calibration scripts, (3) juliacall (pip install juliacall) or Julia subprocess. Consider custom sysimages via PackageCompiler.jl to eliminate JIT latency."
prolonged_contained,simple_g,failed,cpu,tesla1,25649,70,,2026-05-04T04:35:50.870611+00:00,2026-05-04T04:35:51.702385+00:00,"Validation failed: 'trade_disruption_index' = 30.0 is out of range; expected a value in [0.0, 1.0] where 0 = no disruption and 1 = full closure"
prolonged_contained,world_fertilizer,skipped,cpu,tesla1,25649,71,,2026-05-04T04:35:52.359080+00:00,2026-05-04T04:35:53.218467+00:00,"Not yet implemented: WorldFertilizerAdapter.execute is not yet implemented. Provide a GAMSConfig to enable execution via the GAMS Control API. Requirements: (1) GAMS system installation with matching gamsapi version, (2) the World Fertilizer Model .gms file, (3) CONOPT solver license."
prolonged_contained,apsim,skipped,cpu,tesla1,25649,72,,2026-05-04T04:35:53.877177+00:00,2026-05-04T04:35:54.747319+00:00,"Not yet implemented: APSIMAdapter.execute is not yet implemented. Real integration requires: (1) an APSIM Next Generation installation (cross-platform, .NET-based; available at apsim.info), (2) configured .apsimx simulation files with site-specific soil and climate data for relevant agricultural regions (e.g., MENA wheat zones, South Asian rice), (3) patching the fertilizer and irrigation manager rules in the simulation file to reflect scenario-specific reduction percentages, (4) invoking the APSIM CLI via subprocess (e.g., `Models.exe simulation.apsimx`), and (5) parsing the output SQLite database (.db) for crop yield, soil N balance, and water use results by crop type and simulation node."
prolonged_contained,futures,completed,cpu,tesla1,25649,73,9.209662675857544e-05,2026-05-04T04:35:55.413306+00:00,2026-05-04T04:35:56.292135+00:00,
prolonged_contained,aisdb,skipped,cpu,tesla1,25649,74,,2026-05-04T04:35:56.976279+00:00,2026-05-04T04:35:57.821500+00:00,"Not yet implemented: AISdb adapter is a stub. Real implementation requires: (1) an AISdb installation with a populated vessel track database, (2) route geometry files for Cape of Good Hope and Suez Canal alternatives, (3) a vessel registry cross-reference for type classification, and (4) the AISdb Python API or CLI for programmatic query execution."
prolonged_contained,ais_project,skipped,cpu,tesla1,25649,75,,2026-05-04T04:35:58.496937+00:00,2026-05-04T04:35:59.334702+00:00,"Not yet implemented: AIS_project adapter is a stub. Real implementation requires: (1) a processed AIS vessel track dataset covering Strait of Hormuz transits, (2) route geometry and distance tables for the Cape of Good Hope corridor, (3) a fleet composition inventory (vessel counts by type and deadweight tonnage), and (4) voyage simulation logic to compute additional sea days and tanker rate impacts."
swift_contained,marketsim,skipped,cpu,tesla1,25649,76,,2026-05-04T04:35:59.978697+00:00,2026-05-04T04:36:00.821504+00:00,"Not yet implemented: MarketSimAdapter.execute() is not yet implemented. Integration requires: (1) access to the BOEM MarketSim model codebase and calibration data from BOEM's Office of Resource Evaluation, (2) regional demand elasticity matrices and baseline consumption data by sector, (3) a compatible Python or compiled-binary execution environment, and (4) output parsers for consumer/producer surplus tables and fuel-switching volumes by energy carrier and sector."
swift_escalated,weap_mena,skipped,cpu,tesla1,25649,77,,2026-05-04T04:36:01.456694+00:00,2026-05-04T04:36:02.285093+00:00,"Not yet implemented: WEAPAdapter.execute() requires a WEAPConfig. To integrate WEAP-MENA:
  1. Install WEAP from Models/Water/Install_WEAP.exe on a Windows host with a valid SEI licence.
  2. Build / acquire a WEAP-MENA study file (.weap).
  3. Configure 'weap_executable', 'study_path', and 'result_export_path' in configs/model_configs/weap_mena.yaml.
  4. Implement COM automation or subprocess invocation of weap.exe inside this method.
  5. Implement scenario-branch creation from the inputs dict.
  6. Parse exported CSV results in parse_outputs."
swift_escalated,sahysmod,failed,cpu,tesla1,25649,78,0.0038879550993442535,2026-05-04T04:36:02.977159+00:00,2026-05-04T04:36:03.813021+00:00,FileNotFoundError: [Errno 2] No such file or directory: 'Models/Water/SahysMod/SahysMod.exe'
swift_escalated,watergap2,skipped,cpu,tesla1,25649,79,,2026-05-04T04:36:04.445563+00:00,2026-05-04T04:36:05.306352+00:00,"Not yet implemented: WaterGAP2Adapter.execute() requires a WaterGAP2Config. To integrate WaterGAP2:
  1. Build the binary from the C++ sources at Models/Water/WaterGAP2-v2.2d/HydrologyFrankfurt-WaterGAP2-65f306b/source/ via CMake, OR obtain access to the Frankfurt WaterGAP2 web service.
  2. Stage global climate forcing NetCDFs (precipitation, temperature) under forcing_data_path.
  3. Configure the adapter via configs/model_configs/watergap2.yaml.
  4. Implement either subprocess invocation of the compiled binary or a REST client against the web service inside this method.
  5. Build a NetCDF damage mask from 'affected_grid_cells' and 'infrastructure_damage_index' and pass it to WaterGAP2.
  6. Parse gridded NetCDF outputs in parse_outputs."
prolonged_escalated,opencge,failed,cpu,tesla1,25649,8,4.983284257352352,2026-05-04T04:36:51.459336+00:00,2026-05-04T04:36:57.285755+00:00,"ValidationError: {
    ""errors"": {
        ""Z"": [
            ""Not a valid list."",
            ""Not a valid list."",
            ""Not a valid list."",
            ""Not a valid list."",
            ""Not a valid list."",
            ""Not a valid list."",
            ""Not a valid list."",
            ""Not a valid list."",
            ""Not a valid list."",
            ""Not a valid list."",
            ""Not a valid list."",
            ""Not a valid list."",
            ""Not a valid list."",
            ""Not a valid list."",
            ""Not a valid list."",
            ""Not a valid list."",
            ""Not a valid list."",
            ""Not a valid list."",
            ""Not a valid list."",
            ""Not a valid list."",
            ""Not a valid list."",
            ""Not a valid list."",
            ""Not a valid list."",
            ""Not a valid list."",
            ""Not a valid list.""
        ],
        ""delta_tau_annual"": [
            ""Not a valid list.""
        ]
    }
}"
swift_escalated,cwatm,completed,cpu,tesla1,25649,80,0.0001223534345626831,2026-05-04T04:36:05.997656+00:00,2026-05-04T04:36:06.849035+00:00,
swift_escalated,bornstein_krusell_rebelo,failed,cpu,tesla1,25649,81,0.0004472769796848297,2026-05-04T04:36:07.553610+00:00,2026-05-04T04:36:08.459020+00:00,FileNotFoundError: Dynare .mod file not found: Models/Oil/WorldEquilibriumOilModel/Replication Files/Section 5/supply_shocks_to_non_opec/dynare_codes/World_Economy_Cartel_nonopec_shocks.mod. Verify the section/mod_file configuration.
swift_escalated,poles_jrc,completed,cpu,tesla1,25649,82,7.782876491546631e-05,2026-05-04T04:36:09.171607+00:00,2026-05-04T04:36:10.054283+00:00,
swift_escalated,marketsim,skipped,cpu,tesla1,25649,83,,2026-05-04T04:36:10.780635+00:00,2026-05-04T04:36:11.622945+00:00,"Not yet implemented: MarketSimAdapter.execute() is not yet implemented. Integration requires: (1) access to the BOEM MarketSim model codebase and calibration data from BOEM's Office of Resource Evaluation, (2) regional demand elasticity matrices and baseline consumption data by sector, (3) a compatible Python or compiled-binary execution environment, and (4) output parsers for consumer/producer surplus tables and fuel-switching volumes by energy carrier and sector."
swift_escalated,energy_flux_gas_power,completed,cpu,tesla1,25649,84,0.0002489238977432251,2026-05-04T04:36:12.268869+00:00,2026-05-04T04:36:13.124840+00:00,
swift_escalated,energy_flux_lng_profits,failed,cpu,tesla1,25649,85,,2026-05-04T04:36:13.806184+00:00,2026-05-04T04:36:14.677502+00:00,"Validation failed: Provide either 'price_schedule' (12 rows) or all of 'ttf_peak_price', 'jkm_peak_price', 'hh_crisis_price'."
swift_escalated,ggm,skipped,cpu,tesla1,25649,86,,2026-05-04T04:36:15.335345+00:00,2026-05-04T04:36:16.274505+00:00,"Not yet implemented: GGMAdapter.execute() requires a GGMConfig. Prerequisites:
  1. GAMS installation with CPLEX solver license
  2. gamsapi Python package (pip install gamsapi[transfer])
  3. GGM model directory with data/SET-Nav/*.xlsx files
  4. GGMConfig(gams_system_dir=..., model_dir=...)
"
swift_escalated,lngst,skipped,cpu,tesla1,25649,87,,2026-05-04T04:36:16.980306+00:00,2026-05-04T04:36:17.920344+00:00,Not yet implemented: LNGSTAdapter.execute is not yet implemented. Provide an ExcelConfig with the workbook path to enable execution. The ExcelAdapter base class handles openpyxl (headless) or xlwings (full recalculation) based on config. Update input_mappings and output_mappings once the actual workbook cell layout is known.
swift_contained,energy_flux_gas_power,completed,cpu,tesla1,25649,88,0.0002619028091430664,2026-05-04T04:36:18.586287+00:00,2026-05-04T04:36:19.448400+00:00,
swift_escalated,world_helium_model,completed,cpu,tesla1,25649,89,7.265061140060425e-05,2026-05-04T04:36:20.127066+00:00,2026-05-04T04:36:20.990400+00:00,
prolonged_escalated,pycge,completed,cpu,tesla1,25649,9,3.509661730378866,2026-05-04T04:36:58.485320+00:00,2026-05-04T04:37:02.847047+00:00,
swift_escalated,capri,skipped,cpu,tesla1,25649,90,,2026-05-04T04:36:21.631978+00:00,2026-05-04T04:36:22.485003+00:00,"Not yet implemented: CAPRIAdapter.execute is not yet implemented. Real integration requires: (1) a GAMS installation with the CAPRI model repository, (2) writing scenario shock files to the CAPRI scenario directory, (3) invoking the CAPRI GAMS entry point via subprocess, and (4) parsing the CAPRI results database (GDX or CSV output)."
swift_escalated,magpie,skipped,cpu,tesla1,25649,91,,2026-05-04T04:36:23.161107+00:00,2026-05-04T04:36:24.025392+00:00,"Not yet implemented: MAgPIE source tree not found. Pass magpie_root to the adapter constructor or set the MAGPIE_ROOT environment variable. Tried: none of Models/Fertilizer/magpie-master/magpie-master, Models/Fertilizer/magpie-master, Models/Fertilizer/magpie"
swift_escalated,simple_g,skipped,cpu,tesla1,25649,92,,2026-05-04T04:36:24.691628+00:00,2026-05-04T04:36:25.549103+00:00,"Not yet implemented: SIMPLEGAdapter.execute is not yet implemented. Real integration requires: (1) a GAMS installation with the SIMPLE-G model, (2) writing scenario shock parameters to a GAMS-compatible input file, (3) invoking the SIMPLE-G GAMS entry point via subprocess, and (4) parsing output GDX or CSV files for agricultural price, trade, and welfare results by region."
swift_escalated,world_fertilizer,skipped,cpu,tesla1,25649,93,,2026-05-04T04:36:26.225338+00:00,2026-05-04T04:36:27.088980+00:00,"Not yet implemented: WorldFertilizerAdapter.execute is not yet implemented. Provide a GAMSConfig to enable execution via the GAMS Control API. Requirements: (1) GAMS system installation with matching gamsapi version, (2) the World Fertilizer Model .gms file, (3) CONOPT solver license."
swift_escalated,apsim,skipped,cpu,tesla1,25649,94,,2026-05-04T04:36:27.735442+00:00,2026-05-04T04:36:28.579067+00:00,"Not yet implemented: APSIMAdapter.execute is not yet implemented. Real integration requires: (1) an APSIM Next Generation installation (cross-platform, .NET-based; available at apsim.info), (2) configured .apsimx simulation files with site-specific soil and climate data for relevant agricultural regions (e.g., MENA wheat zones, South Asian rice), (3) patching the fertilizer and irrigation manager rules in the simulation file to reflect scenario-specific reduction percentages, (4) invoking the APSIM CLI via subprocess (e.g., `Models.exe simulation.apsimx`), and (5) parsing the output SQLite database (.db) for crop yield, soil N balance, and water use results by crop type and simulation node."
swift_escalated,futures,completed,cpu,tesla1,25649,95,8.076801896095276e-05,2026-05-04T04:36:29.244088+00:00,2026-05-04T04:36:30.132379+00:00,
swift_contained,energy_flux_lng_profits,failed,cpu,tesla1,25649,96,,2026-05-04T04:36:30.838427+00:00,2026-05-04T04:36:31.680164+00:00,"Validation failed: Provide either 'price_schedule' (12 rows) or all of 'ttf_peak_price', 'jkm_peak_price', 'hh_crisis_price'."
swift_escalated,aisdb,skipped,cpu,tesla1,25649,97,,2026-05-04T04:36:32.366016+00:00,2026-05-04T04:36:33.224233+00:00,"Not yet implemented: AISdb adapter is a stub. Real implementation requires: (1) an AISdb installation with a populated vessel track database, (2) route geometry files for Cape of Good Hope and Suez Canal alternatives, (3) a vessel registry cross-reference for type classification, and (4) the AISdb Python API or CLI for programmatic query execution."
swift_escalated,ais_project,skipped,cpu,tesla1,25649,98,,2026-05-04T04:36:33.883419+00:00,2026-05-04T04:36:34.737869+00:00,"Not yet implemented: AIS_project adapter is a stub. Real implementation requires: (1) a processed AIS vessel track dataset covering Strait of Hormuz transits, (2) route geometry and distance tables for the Cape of Good Hope corridor, (3) a fleet composition inventory (vessel counts by type and deadweight tonnage), and (4) voyage simulation logic to compute additional sea days and tanker rate impacts."
