,,,2015,2015,2015,2015,2015,2015,2015,2015,2015,2015,2020,2020,2020,2020,2020,2020,2020,2020,2020,2020,2020,2020,2020,2025,2025,2025,2025,2025,2025,2025,2025,2025,2025,2025,2025,2025,2025,2025,2030,2030,2030,2030,2030,2030,2030,2030,2030,2030,2030,2030,2030,2030,2030,2035,2035,2035,2035,2035,2035,2035,2035,2035,2035,2035,2035,2035,2035,2035,2040,2040,2040,2040,2040,2040,2040,2040,2040,2040,2040,2040,2040,2040,2040,2045,2045,2045,2045,2045,2045,2045,2045,2045,2045,2045,2045,2045,2045,2045,2050,2050,2050,2050,2050,2050,2050,2050,2050,2050,2050,2050,2050,2050,2050
,,,Cons,Prod,pipe,LNG,trade,captot-P+,captot-P-,captot-L,captot-R,captot-WG,Cons,Prod,pipe,LNG,trade,expcum-P+,expcum-P-,expcum-R,captot-P+,captot-P-,captot-L,captot-R,captot-WG,Cons,Prod,pipe,LNG,trade,expcum-P+,expcum-P-,expcum-L,expcum-R,expcum-WG,captot-P+,captot-P-,captot-L,captot-R,captot-WG,Cons,Prod,pipe,LNG,trade,expcum-P+,expcum-P-,expcum-L,expcum-R,expcum-WG,captot-P+,captot-P-,captot-L,captot-R,captot-WG,Cons,Prod,pipe,LNG,trade,expcum-P+,expcum-P-,expcum-L,expcum-R,expcum-WG,captot-P+,captot-P-,captot-L,captot-R,captot-WG,Cons,Prod,pipe,LNG,trade,expcum-P+,expcum-P-,expcum-L,expcum-R,expcum-WG,captot-P+,captot-P-,captot-L,captot-R,captot-WG,Cons,Prod,pipe,LNG,trade,expcum-P+,expcum-P-,expcum-L,expcum-R,expcum-WG,captot-P+,captot-P-,captot-L,captot-R,captot-WG,Cons,Prod,pipe,LNG,trade,expcum-P+,expcum-P-,expcum-L,expcum-R,expcum-WG,captot-P+,captot-P-,captot-L,captot-R,captot-WG
SDS-Vision,NOR,NOR,6.773457685,122.3981894,-109.503204,-6.121527753,-115.6247317,,170.6574171,6.121527778,,,8.053954504,112.0866112,-102.9928346,-1.039822081,-104.0326567,,,,,170.6574171,6.121527778,,,8.526039674,104.0451145,-91.10256049,-4.416514332,-95.51907483,,,,,,,170.6574171,6.121527778,,,9.089229906,100.2775176,-85.06675995,-6.121527753,-91.18828771,,,,,,,170.6574171,6.121527778,,,9.773809407,99.58244399,-83.68710682,-6.121527768,-89.80863458,,,4.64338E-09,,,,170.6574171,6.121527782,,,10.58462337,100.7232866,-84.0171354,-6.121527779,-90.13866318,,,1.55735E-08,,,,170.6574171,6.121527793,,,11.22839587,98.83146704,-81.48154336,-6.121527809,-87.60307117,,,4.29477E-08,,,,170.6574171,6.121527821,,,11.53929367,100.7129875,-83.05216605,-6.121527823,-89.17369387,,,5.52576E-08,,,,170.6574171,6.121527833,,
SDS-Vision,RUS,RUS,447.0486776,642.3600196,-181.0730706,-13.50480414,-194.5778748,485.001,854.1494621,13.50480414,,74.2,439.8929654,680.285675,-190.7566519,-49.24244284,-239.9990947,,9.52088E-08,,490.001,684.4373065,59.8847253,,74.2,435.1671402,692.2262397,-206.2545943,-50.40537118,-256.6599655,,1.570554642,3.89378E-09,,1.12895E-09,490.001,686.007861,59.88472531,,74.2,416.3828054,668.9614871,-202.1658302,-49.91305936,-252.0788896,3.48106E-09,6.687907219,2.0831E-08,,2.56564E-09,490.001,691.1252136,59.88472532,,74.2,387.1083504,659.3949263,-200.9666618,-70.72214557,-271.6888074,2.38754E-08,14.34042753,20.89671546,,4.39199E-09,490.001,698.7777339,80.78144076,,74.2,365.9049174,664.7014903,-196.8675122,-101.215651,-298.0831632,2.301797463,24.2180342,51.485113,,6.71082E-09,492.3027975,708.6553406,111.3698383,,74.20000001,359.9242688,666.8740748,-205.1426476,-101.1207589,-306.2634065,7.578248563,37.30699183,51.4851131,,9.65083E-09,497.5792486,721.7442982,111.3698384,,74.20000001,351.9347213,652.7177307,-199.11192,-101.0258668,-300.1377868,7.578248596,39.27023305,51.48511312,,1.33719E-08,497.5792486,723.7075394,111.3698384,,74.20000001
SDS-Vision,NAM,CAN,99.07460076,162.4990633,-63.12673151,,-63.12673151,136.399943,282.7125462,,,19.551,103.6166444,177.7336676,-55.12773636,-18.71364475,-73.84138111,,,,133.209893,279.3545988,18.71364476,,19.551,107.9124475,193.9847715,-67.06094805,-18.71364497,-85.77459302,5.12898E-08,,2.26802E-07,,1.14681E-09,133.2098931,279.3545988,18.71364499,,19.551,104.9242851,191.2873288,-67.3516677,-18.71364507,-86.06531277,5.97611E-08,,3.28062E-07,,2.60075E-09,133.2098931,279.3545988,18.71364509,,19.551,100.597284,178.6667357,-59.05807552,-18.71364517,-77.77172069,6.49057E-08,,4.29677E-07,,4.43784E-09,133.2098931,279.3545988,18.71364519,,19.551,97.24938187,164.2462861,-47.98552803,-18.71364527,-66.6991733,6.91364E-08,,5.39487E-07,,6.7682E-09,133.2098931,279.3545988,18.7136453,,19.55100001,93.51533099,149.1629138,-36.6362064,-18.71364545,-55.34985185,8.10694E-08,7.73434E-09,7.21052E-07,,9.72192E-09,133.2098931,279.3545988,18.71364548,,19.55100001,90.55891089,133.9649269,-24.39463949,-18.71364553,-43.10828502,9.92014E-08,2.61331E-08,7.92912E-07,,1.34604E-08,133.2098931,279.3545989,18.71364555,,19.55100001
SDS-Vision,NAM,MEX,77.35894796,38.27208455,39.086863,3.79239E-07,39.08686337,74.09626772,16.50098037,,23.3,,77.67186691,47.76256241,29.90930361,8.65639E-07,29.90930448,,,,112.2658195,16.50098037,,23.3,,80.58154982,51.94822056,28.63332772,1.51065E-06,28.63332923,,,,,,112.2658195,16.50098037,,23.3,,77.58017767,51.70324263,25.87693328,1.72169E-06,25.87693501,,,,,,112.2658195,16.50098037,,23.3,,74.96497794,47.6169593,27.34801644,2.13784E-06,27.34801858,,,,,,112.2658195,16.50098037,,23.3,,73.16006034,43.52195322,29.63810429,2.69519E-06,29.63810698,,,,,,112.2658195,16.50098037,,23.3,,69.94408745,39.44462472,30.49945936,3.19348E-06,30.49946256,,,,,,112.2658195,16.50098037,,23.3,,66.65386984,35.40239596,31.25146998,3.63236E-06,31.25147361,3.89127E-09,4.00593E-09,,,,112.2658195,16.50098037,,23.3,
SDS-Vision,NAM,USA,775.1345602,765.7196177,11.87232519,-0.618632551,11.25369264,1909.934915,1868.862695,0.618632885,11,135.726,798.8202858,865.732954,14.1946507,-79.10857597,-64.91392527,,,,2084.224965,2085.26921,138.4964371,11,137.162,854.0238343,931.6874305,25.91592085,-101.5414497,-75.62552887,,5.33712E-08,22.72511906,,5.08411E-09,2084.224965,2085.26921,161.2215561,11,137.162,819.727107,925.3822293,29.87591554,-133.5718186,-103.6959031,,6.21864E-08,22.72511907,,1.14901E-08,2084.224965,2085.26921,161.2215561,11,137.162,730.9765152,853.3753024,21.20069704,-141.724422,-120.523725,,6.75397E-08,22.72511908,,1.95525E-08,2084.224965,2085.26921,161.2215561,11,137.162,643.086364,780.5829177,9.158399315,-144.9618618,-135.8034625,2.36596E-08,9.59365E-08,22.72511908,,2.9757E-08,2084.224965,2085.26921,161.2215561,11,137.162,550.0307561,708.5646192,-1.704201766,-155.3152832,-157.0194849,1.01031E-07,1.79104E-07,22.72511908,,4.26719E-08,2084.224965,2085.26921,161.2215561,11,137.162,462.2762731,636.3128594,-13.54647501,-159.1855772,-172.7320522,2.29086E-07,3.09647E-07,22.72511908,,5.9072E-08,2084.224965,2085.26921,161.2215561,11,137.1620001
SDS-Vision,SAM,ARG,49.93447602,40.52994243,5.641163272,3.764893175,9.406056447,7.907,10.86561582,,10.2,0.1,52.70020659,39.6799922,6.938686849,6.083050398,13.02173725,,,,7.907,10.86561582,,11.2,0.1,53.03702504,40.07891618,7.344288042,5.615343659,12.9596317,,,,,3.08086E-09,7.907,10.86561582,,11.2,0.100000003,55.0357693,42.58453679,6.837411659,5.615343679,12.45275534,,,,,7.04701E-09,7.907,10.86561582,,11.2,0.100000007,54.61383525,42.541583,6.544864622,5.528910447,12.07377507,,,,,1.22908E-08,7.907,10.86561582,,11.2,0.100000012,54.97211063,42.61055642,6.747732679,5.615344316,12.363077,,3.72708E-09,,,1.90676E-08,7.907,10.86561582,,11.2,0.100000019,54.99140695,42.69943966,6.68352799,5.609962064,12.29349005,4.15333E-09,8.48411E-09,,,2.7781E-08,7.907000004,10.86561582,,11.2,0.100000028,54.58754417,42.81733194,6.573288971,5.198445983,11.77173495,9.08477E-09,1.45549E-08,,,3.83424E-08,7.907000009,10.86561583,,11.2,0.100000038
SDS-Vision,SAM,BOL,4.039629513,22.44517185,-18.40554234,,-18.40554234,,18.49457856,,,,3.900324961,22.28752993,-18.38720496,,-18.38720496,,,,,18.49457856,,,,4.033579666,22.43072865,-18.39714898,,-18.39714898,,4.03317E-09,,,,,18.49457856,,,,4.500851686,22.99543025,-18.49457856,,-18.49457856,,5.26169E-08,,,,,18.49457861,,,,4.146075138,23.85029546,-19.70422033,,-19.70422033,,1.233487506,,,,,19.72806606,,,,4.149918511,23.89057388,-19.74065536,,-19.74065536,,1.265903875,,,,,19.76048243,,,,4.145336134,23.92628885,-19.78095272,,-19.78095272,,1.301326813,,,,,19.79590537,,,,4.171625969,23.96753108,-19.79590511,,-19.79590511,,1.301326864,,,,,19.79590542,,,
SDS-Vision,SAM,BRA,37.0429333,24.79390432,10.00000006,2.249028897,12.24902896,15.5,,,15.8,,35.07922808,23.95895866,9.9685758,1.15169361,11.12026941,,,,15.5,,,15.8,,34.08962625,23.94150317,9.905493456,0.242629596,10.14812305,3.91217E-09,,,,,15.5,,,15.8,,35.8941165,25.89411549,10.00000018,7.99443E-07,10.00000098,5.10383E-08,,,,,15.50000005,,,15.8,,38.83662157,26.02455573,11.19648318,1.615582633,12.81206582,1.19648288,,,,,16.69648288,,,15.8,,43.47428979,26.07202006,11.22792714,6.174342522,17.40226967,1.227926759,,,,,16.72792676,,,15.8,,47.13057735,26.14966264,11.26228753,9.718627101,20.98091463,1.262287004,,,,,16.762287,,,15.8,,49.82442762,26.25106528,11.26228788,12.31107434,23.57336221,1.262287049,,,,,16.76228705,,,15.8,
SDS-Vision,SAM,CHL,3.91760567,0.971846793,2.147130264,0.798628613,2.945758877,5,,,5.7,,4.367216981,0.947768482,0.882446599,2.537001899,3.419448497,,,,5,,,12.5,,4.434584387,0.956187716,0.554271128,2.92412553,3.478396657,,,,,,5,,,12.5,,4.493497662,1.017795461,1.053544335,2.422157848,3.475702183,,,,,,5,,,12.5,,4.415820687,1.018094301,1.319013575,2.078712786,3.397726361,,,,,,5,,,12.5,,4.489143557,1.019581937,1.123012256,2.346549304,3.46956156,3.67117E-09,,,,,5.000000004,,,12.5,,4.430438031,1.022531905,1.190891783,2.217014268,3.407906051,8.35685E-09,,,,,5.000000008,,,12.5,,4.370427558,1.025632213,1.313704215,2.031091005,3.34479522,1.43365E-08,,,,,5.000000014,,,12.5,
SDS-Vision,SAM,COL,11.47135819,12.30951675,-0.838158556,,-0.838158556,,2.10717737,,,,11.59264226,12.50480822,-0.912166143,1.93344E-07,-0.91216595,,,,5.2,2.10717737,,4,,11.72568912,12.71994289,-0.994254257,4.72897E-07,-0.994253785,,,,,,5.2,2.10717737,,4,,12.31950406,13.2663252,-0.946821671,5.11987E-07,-0.946821159,,,,,,5.2,2.10717737,,4,,12.21597254,13.15485277,-0.938880875,6.05047E-07,-0.93888027,,,,,,5.2,2.10717737,,4,,12.39916799,13.46342057,-1.064253421,7.77431E-07,-1.064252643,,,,,,5.2,2.10717737,,4,,12.38692729,13.73883576,-1.351909482,9.33642E-07,-1.351908548,3.69496E-09,4.08596E-09,,,,5.200000004,2.107177374,,4,,12.21573938,13.84466719,-1.628929036,1.08835E-06,-1.628927948,8.41051E-09,9.35223E-09,,,,5.200000008,2.107177379,,4,
SDS-Vision,SAM,ECU,0.809241262,0.809241262,,,,,,,,,0.808777206,0.808777206,,,,,,,,,,,,0.816212748,0.816212748,,,,,,,,,,,,,,0.866510301,0.866510301,,,,,,,,,,,,,,0.86385854,0.86385854,,,,,,,,,,,,,,0.8676859,0.8676859,,,,,,,,,,,,,,0.869262999,0.869262999,,,,,,,,,,,,,,0.870914249,0.870914249,,,,,,,,,,,,,
SDS-Vision,SAM,PER,7.741792629,13.69963506,,-5.95784243,-5.95784243,,,6.050884956,,,9.240136134,12.54933292,,-3.309196789,-3.309196789,,,,,,6.050884956,,,9.400002258,12.67667517,,-3.276672907,-3.276672907,,,,,,,,6.050884956,,,9.383219838,13.96671752,,-4.583497679,-4.583497679,,,,,,,,6.050884956,,,9.053846078,14.15238531,,-5.098539233,-5.098539233,,,,,,,,6.050884956,,,9.286726168,14.17965447,,-4.892928302,-4.892928302,,,,,,,,6.050884956,,,9.072706656,14.26309946,,-5.190392805,-5.190392805,,,,,,,,6.050884956,,,8.635266537,14.45051575,,-5.815249211,-5.815249211,,,,,,,,6.050884956,,
SDS-Vision,SAM,TTO,19.94730107,39.95499165,,-20.00769059,-20.00769059,,,23.25599381,,,22.92007829,35.53911643,,-12.61903814,-12.61903814,,,,,,23.25599381,,,23.45814495,35.81641637,1.13167E-07,-12.35827153,-12.35827142,4.39941E-08,,,,,1.550000044,,23.25599381,,,23.53940882,39.72775469,1.84704E-07,-16.18834606,-16.18834587,1.02603E-07,,,,,1.550000103,,23.25599381,,,22.69354499,40.67076381,3.09762E-07,-17.97721912,-17.97721881,1.80532E-07,,,,,1.550000181,,23.25599381,,,22.93962071,40.86155949,3.75331E-07,-17.92193915,-17.92193878,2.85448E-07,,,,,1.550000285,,23.25599381,,,22.58268806,41.42722003,0.322252653,-19.16678462,-18.84453197,4.28641E-07,,,,,1.550000429,,23.25599381,,,21.64085426,42.18808368,1.034640785,-21.58187021,-20.54722942,6.24117E-07,,,,,1.550000624,,23.25599381,,
SDS-Vision,SAM,VEN,25.77892662,24.95669308,0.822233544,,0.822233544,2.067141,,,,,26.02407434,25.12923935,0.894834985,,0.894834985,,,,2.067141,5.300713558,,,,26.33226316,25.35689987,0.975363312,,0.975363312,,4.401E-08,,,,2.067141,6.851271803,,,,27.71261582,26.78378396,0.928831873,,0.928831873,,1.0264E-07,,,,2.067141,6.851271861,,,,27.52193672,26.6008949,0.921041826,,0.921041826,,1.80597E-07,,,,2.067141,6.851271939,,,,27.987879,26.94384678,1.044032227,,1.044032227,,2.85551E-07,,,,2.067141,6.851272044,,,,27.98533249,26.981478,1.003854493,,1.003854493,4.00832E-09,4.32562E-07,,,,2.067141004,6.851272191,,,,27.60915772,27.04619173,0.56296599,,0.56296599,9.17453E-09,6.32915E-07,,,,2.067141009,6.851272391,,,
SDS-Vision,EU,AUT,9.72180258,1.384303525,8.463499068,,8.463499068,110.16661,71.58118756,,,8.274,8.064218922,1.249279286,6.862095863,,6.862095863,8.33983E-07,1.03993E-06,,121.7439491,72.85309745,,,8.274,7.13020506,0.716997465,6.455270507,,6.455270507,3.56491E-06,1.46056E-06,,,5.36735E-10,121.7439519,72.85309787,,,8.274000001,6.431812821,0.476586189,6.021652006,,6.021652006,4.63867E-06,1.86933E-06,,,1.22359E-09,121.7439529,72.85309828,,,8.274000001,6.009938653,0.164520066,5.910227806,,5.910227806,5.70396E-06,2.33077E-06,,,2.10312E-09,121.743954,72.85309874,,,8.274000002,5.656513483,0.05247885,5.665805153,,5.665805153,6.97909E-06,2.96057E-06,,,3.22898E-09,121.7439553,72.85309937,,,8.274000003,5.246792094,,5.318189677,,5.318189677,8.07149E-06,3.45783E-06,,,4.6686E-09,121.7439564,72.85309987,,,8.274000005,4.759587413,,4.832693976,,4.832693976,8.61039E-06,3.76769E-06,,,6.50669E-09,121.7439569,72.85310018,,,8.274000007
SDS-Vision,EU,BEL,17.63023332,,14.69239339,2.948734054,17.64112745,101.6818095,83.67216863,,9,0.934,15.96449582,,12.69808454,3.277000854,15.97508539,4.16449E-09,4.20641E-09,,101.6818095,83.67216864,,9,0.914,13.9928064,,14.00339479,1.15551E-06,14.00339595,9.48416E-09,9.593E-09,,,1.87852E-09,101.6818095,83.67216864,,9,0.914000002,12.25600121,,12.26658985,9.02783E-07,12.26659075,1.62802E-08,2.07938E-08,,,6.42851E-09,101.6818095,83.67216865,,9,0.914000006,11.900275,,11.91086369,8.40455E-07,11.91086453,3.36512E-08,3.94789E-08,,,1.24131E-08,101.6818095,83.67216867,,9,0.914000012,11.62071975,,11.63130834,9.11777E-07,11.63130925,6.0127E-08,6.7697E-08,,,2.20123E-08,101.6818096,83.6721687,,9,0.914000022,12.60194891,,12.6125375,8.71036E-07,12.61253837,9.39176E-08,1.03748E-07,,,3.21076E-08,101.6818096,83.67216874,,9,0.914000032,13.27881797,,13.28940649,8.98355E-07,13.28940739,1.37045E-07,1.49767E-07,,,4.48276E-08,101.6818096,83.67216878,,9,0.914000045
SDS-Vision,EU,BGR,3.449691206,,3.458066866,,3.458066866,25.42411388,21.36855359,,,0.55,2.985367497,,2.993606077,,2.993606077,,3.97357E-09,,29.63423645,21.86069172,,,0.541,2.524764413,,2.548261879,,2.548261879,2.17643E-06,9.39516E-09,,,6.99241E-10,35.39739652,24.13161348,,,1.543000001,2.131171232,,2.154668696,,2.154668696,2.92427E-06,2.58945E-08,,,1.6352E-09,35.39739727,24.1316135,,,1.543000002,2.002235714,,2.025733177,,2.025733177,3.7238E-06,4.76631E-08,,,2.86411E-09,35.39739807,24.13161352,,,1.543000003,1.919216432,,1.942713896,,1.942713896,4.91989E-06,7.74337E-08,,,4.50153E-09,35.39739926,24.13161355,,,1.543000005,1.939524135,,1.963021597,,1.963021597,6.4022E-06,1.23545E-07,,,6.5602E-09,35.39740074,24.1316136,,,1.543000007,1.957049018,,1.980546479,,1.980546479,7.56277E-06,1.84411E-07,,,9.11105E-09,35.3974019,24.13161366,,,1.543000009
SDS-Vision,EU,CYP,0.052074348,0.052074348,,,,,,,,,0.110281785,0.110281785,,,,,,,,,,,,0.216958159,1.941327316,,-1.724369156,-1.724369156,,,1.724369162,,,,,1.724369162,,,0.27436941,3.082751418,,-2.808382008,-2.808382008,,,2.808382016,,,,,2.808382016,,,0.270240004,4.55062775,,-4.280387747,-4.280387747,,,4.280387758,,,,,4.280387758,,,0.263235541,5.449412537,,-5.186176995,-5.186176995,,,5.18617701,,,,,5.18617701,,,0.267234834,5.637064192,,-5.369829357,-5.369829357,,,5.369829369,,,,,5.369829369,,,0.22776395,5.597593316,,-5.369829366,-5.369829366,,,5.36982938,,,,,5.36982938,,
SDS-Vision,EU,CZE,8.704427592,0.213224691,8.539532903,,8.539532903,113.988408,64.34152915,,,3.517,7.347396091,0.202317334,7.20192647,,7.20192647,1.0241E-06,8.37005E-07,,113.9884091,64.34152999,,,3.733,6.577807566,0.191570181,6.442368707,,6.442368707,2.63997E-06,1.21249E-06,,,5.71296E-10,113.9884107,64.34153037,,,3.733000001,5.983412344,0.180956185,5.859302995,,5.859302995,3.40066E-06,1.54591E-06,,,1.30819E-09,113.9884114,64.3415307,,,3.733000001,5.283281217,0.173667757,5.165699605,,5.165699605,4.27803E-06,1.9684E-06,,,2.2491E-09,113.9884123,64.34153112,,,3.733000002,4.637964465,0.176398173,4.510733313,,4.510733313,5.77303E-06,2.48988E-06,,,3.45964E-09,113.9884138,64.34153164,,,3.733000003,4.29633824,0.169401974,4.172334643,,4.172334643,6.53577E-06,3.06929E-06,,,5.00056E-09,113.9884146,64.34153222,,,3.733000005,3.984611982,0.154984613,3.871674356,,3.871674356,6.91811E-06,3.37701E-06,,,6.95664E-09,113.988415,64.34153253,,,3.733000007
SDS-Vision,EU,DEU,89.23805138,12.12236183,77.45500419,,77.45500419,297.7107099,208.104909,,,24.588,79.30855411,10.97721759,68.60004312,,68.60004312,,8.52543E-09,,361.6502945,213.1469966,,,24.265,71.00557385,9.068708618,62.15175423,2.73737E-07,62.15175451,,2.55084E-07,,2.83894E-07,5.38899E-10,361.6502945,213.1469969,,2.83894E-07,24.265,64.02711975,6.7713067,57.45082443,3.32917E-07,57.45082476,1.22398E-08,1.383384753,,3.4623E-07,1.22843E-09,361.6502945,214.5303814,,3.4623E-07,24.265,56.859654,4.781008591,52.26719285,3.8272E-07,52.26719323,3.55583E-08,1.383384826,,4.00167E-07,2.1105E-09,361.6502945,214.5303814,,4.00167E-07,24.265,49.48425509,2.993179667,46.77800131,4.41438E-07,46.77800176,7.35343E-08,1.383384885,,4.62506E-07,3.23947E-09,361.6502945,214.5303815,,4.62506E-07,24.265,46.21516348,2.652089275,43.82693717,4.77284E-07,43.82693765,1.26434E-07,1.383384951,,5.05206E-07,4.67738E-09,361.6502946,214.5303816,,5.05206E-07,24.265,44.27777565,2.367478955,42.14222912,5.03805E-07,42.14222962,1.93949E-07,1.383385028,,5.34112E-07,6.50794E-09,361.6502947,214.5303816,,5.34112E-07,24.26500001
SDS-Vision,EU,DNK,3.154249671,4.539130412,-1.369423872,,-1.369423872,3.527768415,20.22675481,,,1.015,3.112329986,4.090783493,-0.962996655,,-0.962996655,8.42312E-09,0.309343949,,3.527768423,20.53609876,,,1.015,2.970339085,2.69345411,0.290567123,,0.290567123,1.1043E-06,0.928032221,,,2.01029E-09,3.527769519,21.15478703,,,1.015000002,2.7405982,2.222572863,0.533482193,,0.533482193,1.366785768,2.568786453,,,4.73869E-09,4.894554183,22.79554126,,,1.015000005,2.282498442,1.746036143,0.551919154,,0.551919154,1.366786038,2.56878658,,,7.27303E-09,4.894554453,22.79554139,,,1.015000007,2.118659162,1.567925774,0.566190242,,0.566190242,1.36678612,2.568786843,,,1.12847E-08,4.894554535,22.79554165,,,1.015000011,1.831656494,1.320408008,0.52670534,,0.52670534,1.366786181,2.568787136,,,1.65747E-08,4.894554596,22.79554195,,,1.015000017,1.547890145,0.989848582,0.573498416,,0.573498416,1.366786227,2.568787298,,,2.27364E-08,4.894554642,22.79554211,,,1.015000023
SDS-Vision,EU,ESP,32.43388433,,14.6165089,17.8594987,32.4760076,33.30228337,13.06820401,,67.2,4.672,26.63368509,,13.2638329,13.41834238,26.68217528,5.87161E-09,,,33.30228337,13.06820401,,68.9,5.262,20.80839889,,13.68505874,7.171830296,20.85688903,2.56707E-08,,,,1.20271E-09,33.30228339,13.06820401,,68.9,5.262000001,15.68291818,,13.44718461,2.237960049,15.68514466,0.307314425,4.48148E-09,,,2.73051E-09,33.60959779,13.06820401,,68.9,5.262000003,13.79276533,,13.71291703,0.0820747,13.79499173,0.307314462,1.02562E-08,,,4.71179E-09,33.60959783,13.06820402,,68.9,5.262000005,12.55400644,,12.55622984,3.00074E-06,12.55623284,0.307314482,1.76882E-08,,,7.29443E-09,33.60959785,13.06820403,,68.9,5.262000007,11.8094525,,11.81573682,2.46128E-06,11.81573928,0.307314503,2.72231E-08,,,1.05972E-08,33.60959787,13.06820404,,68.9,5.262000011,11.52633093,,11.53792896,2.4828E-06,11.53793144,0.307314525,4.39756E-08,,,1.4775E-08,33.60959789,13.06820405,,68.9,5.262000015
SDS-Vision,EU,EST,0.490326831,,0.490326831,,0.490326831,8.06577816,7.016398573,,,,0.537339267,,0.537339267,,0.537339267,3.57332E-07,4.45359E-06,,13.03473064,7.016403027,,,,0.552309101,,0.552308757,3.26445E-07,0.552309083,9.07032E-07,4.47612E-06,,3.36629E-07,,13.03473119,7.016403049,,3.36629E-07,,0.590363495,,0.59036309,3.80571E-07,0.590363471,1.20978E-06,4.50747E-06,,3.93535E-07,,13.03473149,7.01640308,,3.93535E-07,,0.542133201,,0.542132729,4.12846E-07,0.542133142,1.52438E-06,4.55298E-06,,4.30507E-07,,13.0347318,7.016403126,,4.30507E-07,,0.486198499,,0.486197966,4.53681E-07,0.48619842,1.90659E-06,4.61668E-06,,4.74937E-07,,13.03473219,7.01640319,,4.74937E-07,,0.417726948,,0.417726343,4.81364E-07,0.417726825,2.38989E-06,4.69517E-06,,5.09363E-07,,13.03473267,7.016403268,,5.09363E-07,,0.349484283,,0.349483621,5.02213E-07,0.349484123,2.80952E-06,4.7772E-06,,5.33765E-07,,13.03473309,7.01640335,,5.33765E-07,
SDS-Vision,EU,FIN,2.921125978,,2.921125978,,2.921125978,8.683003726,,,,,3.631904925,,3.031904934,0.59999999,3.631904924,4.41796E-06,3.60214E-07,,7.972372839,3.60214E-07,,0.6,,4.197347143,,3.795875876,0.401471252,4.197347128,4.4358E-06,9.0973E-07,,,,7.972372857,9.0973E-07,,0.6,,4.537025482,,4.508643088,0.028382374,4.537025462,4.4611E-06,1.20898E-06,,,,7.972372882,1.20898E-06,,0.6,,4.59065173,,4.590650822,8.74075E-07,4.590651696,4.49884E-06,1.51851E-06,,,,7.97237292,1.51851E-06,,0.6,,4.569806458,,4.569805485,9.04899E-07,4.56980639,4.55253E-06,1.894E-06,,,,7.972372974,1.894E-06,,0.6,,4.043865111,,4.043864149,8.65159E-07,4.043865014,4.62192E-06,2.3649E-06,,,,7.972373043,2.3649E-06,,0.6,,3.512041623,,3.512040658,8.20485E-07,3.512041479,4.69249E-06,2.76707E-06,,,,7.972373114,2.76707E-06,,0.6,
SDS-Vision,EU,FRA,47.79113382,,44.42125969,3.553589864,47.97484955,78.18539218,56.60961513,,21.3,12.064,40.90336936,,36.04971336,5.045930111,41.09564347,,5.99756E-09,,81.38714657,56.60961513,,34.3,12.626,35.18414897,,35.37642061,2.44243E-06,35.37642305,,2.62214E-08,,,5.73814E-10,81.38714657,56.60961515,,34.3,12.626,30.01063998,,30.2029123,1.74636E-06,30.20291405,,0.313906456,,,1.30349E-09,81.38714657,56.92352159,,34.3,12.626,25.93361814,,26.12589053,1.64561E-06,26.12589217,8.96638E-09,0.313906497,,,2.23017E-09,81.38714658,56.92352163,,34.3,12.626,22.8719237,,23.06419588,1.78343E-06,23.06419767,2.04639E-08,0.31390652,,,3.40656E-09,81.38714659,56.92352165,,34.3,12.626,19.95229723,,20.14456942,1.71237E-06,20.14457114,3.96372E-08,0.313906549,,,4.89288E-09,81.38714661,56.92352168,,34.3,12.626,17.60381389,,17.79608594,1.77026E-06,17.79608771,6.85634E-08,0.313906583,,,6.7707E-09,81.38714664,56.92352171,,34.3,12.62600001
SDS-Vision,EU,GBR,70.01420149,38.17075295,30.40811722,1.504468383,31.9125856,112.5477692,54.45169004,,53.6,4.54,56.46482771,29.78789756,26.25334242,0.495770474,26.74911289,,,,112.5477692,54.45169004,,48.1,4.74,44.47846039,25.12204167,19.42860038,1.06422E-06,19.42860145,,,,,5.84524E-10,112.5477692,54.45169004,,48.1,4.740000001,33.03183455,17.94977293,15.15424347,8.78633E-07,15.15424435,,,,,1.32962E-09,112.5477692,54.45169004,,48.1,4.740000001,28.18335305,13.845055,14.40287909,8.22526E-07,14.40287991,,,,,2.28486E-09,112.5477692,54.45169004,,48.1,4.740000002,24.26553218,9.643463274,14.67631136,8.99541E-07,14.67631226,7.97157E-09,8.05991E-09,,,3.50183E-09,112.5477692,54.45169005,,48.1,4.740000004,19.35311949,6.575286624,12.82215372,8.65795E-07,12.82215459,2.26548E-08,2.29061E-08,,,5.04526E-09,112.5477692,54.45169006,,48.1,4.740000005,15.0729614,2.330679513,12.77481473,8.96505E-07,12.77481563,4.13942E-08,4.18556E-08,,,7.00182E-09,112.5477692,54.45169008,,48.1,4.740000007
SDS-Vision,EU,GRC,2.960138465,,2.813786494,0.146351964,2.960138458,5.491912678,,,5,,3.233943427,,3.223826111,0.010117316,3.233943427,,,,28.78607528,10.44347828,,10.625,,3.129344828,,3.129343946,8.70781E-07,3.129344817,,5.76347E-07,,,,28.78607528,16.25897623,,10.625,,2.842011851,,2.842010974,8.60305E-07,2.842011834,4.04602E-09,7.27357E-07,,,,28.78607529,16.25897638,,10.625,,2.692165231,,2.6921643,8.96608E-07,2.692165197,8.93999E-09,8.92064E-07,,,,28.78607529,16.25897654,,10.625,,2.481474882,,2.48147382,9.94703E-07,2.481474815,1.50075E-08,1.10485E-06,,,,28.7860753,16.25897676,,10.625,,2.247486835,,2.247485785,9.53117E-07,2.247486738,2.25779E-08,1.32971E-06,,,,28.78607531,16.25897698,,10.625,,2.001148272,,2.001147138,9.93909E-07,2.001148132,3.21805E-08,1.46868E-06,,,,28.78607532,16.25897712,,10.625,
SDS-Vision,EU,HRV,2.163783218,1.487503701,0.68444197,,0.68444197,4.547243718,2.674302794,,,0.536,1.827362996,1.591601237,-0.161992679,0.405845928,0.243853249,7.25013E-09,,,10.19642687,2.674302794,,2.375,0.536,1.570684487,1.403066122,0.176586324,1.57189E-06,0.176587896,1.66553E-08,1.07769E-08,,,1.07642E-09,10.19642688,7.876752259,,2.375,0.589000001,1.321323662,1.177248742,0.153043435,1.00654E-06,0.153044442,3.29508E-08,2.90612E-08,,,2.61806E-09,10.1964269,7.876752277,,2.375,0.589000003,1.189322749,1.101543541,0.095241662,9.00664E-07,0.095242562,5.40696E-08,5.30567E-08,,,3.6195E-09,10.19642692,7.876752301,,2.375,0.589000004,1.100280748,1.052602724,0.05430213,9.6805E-07,0.054303098,8.13859E-08,8.46214E-08,,,6.58173E-09,10.19642695,7.876752332,,2.375,0.589000007,1.028452106,0.922951388,0.112212224,9.11645E-07,0.112213136,1.16628E-07,1.2594E-07,,,1.01166E-08,10.19642698,7.876752374,,2.375,0.58900001,0.969038714,0.843450698,0.132003642,9.33853E-07,0.132004576,1.61859E-07,1.79083E-07,,,1.48263E-08,10.19642703,7.876752427,,2.375,0.589000015
SDS-Vision,EU,HUN,8.892908087,1.962691541,7.026073484,,7.026073484,32.62138244,16.04074801,,,6.33,6.882958966,1.301246132,5.651076187,,5.651076187,1.66549E-06,6.31667E-06,,32.62138411,16.04075433,,,6.33,5.644640339,0.550925056,5.151847581,,5.151847581,7.178E-06,8.8978E-06,,,5.39246E-10,32.62138962,16.04075691,,,6.330000001,4.600356737,0.509973969,4.13657072,,4.13657072,7.79301E-06,9.91668E-06,,,1.23036E-09,32.62139023,16.04075793,,,6.330000001,3.848625919,,3.89935494,,3.89935494,8.72151E-06,1.08866E-05,,,2.11578E-09,32.62139116,16.0407589,,,6.330000002,3.29143587,,3.346973868,,3.346973868,9.99695E-06,1.21394E-05,,,3.24909E-09,32.62139244,16.04076015,,,6.330000003,3.009966808,,3.052421602,,3.052421602,1.11921E-05,1.31478E-05,,,4.69757E-09,32.62139363,16.04076116,,,6.330000005,2.841745093,,2.874560727,,2.874560727,1.18217E-05,1.37065E-05,,,6.54412E-09,32.62139426,16.04076172,,,6.330000007
SDS-Vision,EU,IRL,4.764378118,0.251173752,4.516706909,,4.516706909,11.92605331,15.1814312,,,0.23,3.886021212,0.241437282,3.648086469,,3.648086469,,,,11.92605331,15.1814312,,,0.23,3.108774173,0.238653432,2.873622978,2.86446E-07,2.873623264,,,,2.96444E-07,1.89804E-09,11.92605331,15.1814312,,2.96444E-07,0.230000002,2.367156171,0.239089594,2.13156875,3.38672E-07,2.131569088,,,,3.52005E-07,5.44589E-09,11.92605331,15.1814312,,3.52005E-07,0.230000005,1.971866659,0.237184414,1.738184342,3.83262E-07,1.738184725,,,,4.00971E-07,1.0069E-08,11.92605331,15.1814312,,4.00971E-07,0.23000001,1.631244298,0.238426278,1.396320038,4.39562E-07,1.396320478,3.68452E-09,3.7109E-09,,4.60934E-07,1.59625E-08,11.92605331,15.18143121,,4.60934E-07,0.230000016,1.427642228,0.24152748,1.189616688,4.74537E-07,1.189617163,8.38983E-09,8.44819E-09,,5.03213E-07,2.35006E-08,11.92605332,15.18143121,,5.03213E-07,0.230000024,1.230246911,0.239604387,0.994144399,5.01789E-07,0.9941449,1.43963E-08,1.4494E-08,,5.32592E-07,3.2854E-08,11.92605332,15.18143122,,5.32592E-07,0.230000033
SDS-Vision,EU,ITA,64.56290576,7.62423258,53.57001401,3.617034799,57.18704881,150.5219612,63.68064731,,15.1,16.31,51.19692575,6.269010331,42.02046992,3.176821137,45.19729105,,,,160.4905517,83.37346207,,14.8,17.689,39.97567135,4.965494036,35.28339441,1.13641E-06,35.28339554,5.6943E-07,,,,5.30602E-10,160.4905523,83.37346207,,14.8,19.812,28.92861172,4.308117242,24.79110859,8.51272E-07,24.79110945,7.18643E-07,4.77627E-09,,,1.20784E-09,160.4905524,83.37346207,,14.8,19.812,25.14577645,3.37989476,21.92664026,8.04502E-07,21.92664106,8.85813E-07,1.15964E-08,,,2.07251E-09,160.4905526,83.37346208,,14.8,19.812,21.86540179,2.962111377,19.03697917,8.81552E-07,19.03698006,1.10645E-06,2.92112E-08,,,3.17642E-09,160.4905528,83.3734621,,14.8,19.812,19.24006695,1.589213036,17.77624985,8.53202E-07,17.7762507,1.34201E-06,5.19341E-08,,,4.58543E-09,160.490553,83.37346212,,14.8,19.812,17.23729782,0.923083564,16.42548258,8.82934E-07,16.42548346,1.50061E-06,8.24666E-08,,,6.38305E-09,160.4905532,83.37346215,,14.8,19.81200001
SDS-Vision,EU,LTU,1.875475836,,0.13189858,1.743683359,1.87558194,13.6150011,2.364526319,,4,0.106,1.893239527,,0.352561564,1.540784068,1.893345633,4.6077E-06,3.90903E-07,,12.68516094,2.36452671,,4,0.106,1.737259331,,1.40792507,0.329440353,1.737365422,0.091856584,5.99639E-07,,,3.93737E-09,12.77701291,2.364526919,,4,0.106000004,1.56686696,,1.566971377,1.66707E-06,1.566973044,0.321813305,8.02066E-07,,,8.94886E-09,13.00696964,2.364527121,,4,0.106000009,1.433371364,,1.433476442,9.91201E-07,1.433477433,0.321813782,1.06662E-06,,,1.53252E-08,13.00697011,2.364527386,,4,0.106000015,1.309739348,,1.309844427,9.57573E-07,1.309845385,0.321814477,1.36409E-06,,,2.34324E-08,13.00697081,2.364527683,,4,0.106000023,1.209523622,,1.209628737,8.95192E-07,1.209629632,0.321816078,1.51651E-06,,,2.86265E-08,13.00697241,2.364527836,,4,0.106000029,1.122210648,,1.12231573,8.81728E-07,1.122316612,0.321816187,1.65333E-06,,,4.16907E-08,13.00697252,2.364527972,,4,0.106000042
SDS-Vision,EU,LVA,1.376364126,,1.393891942,,1.393891942,16.64765453,8.70033423,,,2.3,1.327033928,,1.343240072,,1.343240072,5.28405E-09,4.39755E-09,,16.64765454,8.700334235,,,2.3,1.171318538,,1.183356645,,1.183356645,1.55253E-08,1.48599E-08,,,5.84866E-10,16.64765455,8.700334245,,,2.300000001,1.041226167,,1.060276047,,1.060276047,2.89739E-08,2.84231E-08,,,1.3482E-09,16.64765456,8.700334259,,,2.300000001,0.985776487,,1.002867224,,1.002867224,4.67103E-08,4.60448E-08,,,2.34415E-09,16.64765458,8.700334277,,,2.300000002,0.925632565,,0.940799414,,0.940799414,7.01239E-08,6.89189E-08,,,3.64006E-09,16.6476546,8.700334299,,,2.300000004,0.839663801,,0.852862792,,0.852862792,1.00853E-07,9.85154E-08,,,5.28316E-09,16.64765463,8.700334329,,,2.300000005,0.769767369,,0.781283516,,0.781283516,1.44436E-07,1.36519E-07,,,7.40276E-09,16.64765468,8.700334367,,,2.300000007
SDS-Vision,EU,NLD,33.05375739,49.79704402,-17.33919128,0.726998649,-16.61219263,98.49452084,110.1780012,,12,13.967,29.02182083,25.25979024,3.028321564,0.89215458,3.920476144,4.18538E-09,4.18542E-09,,98.49452084,110.1780012,,12,13.967,24.91245345,16.64359079,8.40594563,1.16428E-06,8.405946795,9.54503E-09,9.53181E-09,,,5.34489E-10,98.49452085,110.1780012,,12,13.967,20.70708044,8.358089472,12.42879352,9.02042E-07,12.42879442,2.0635E-08,2.06146E-08,,,1.21752E-09,98.49452086,110.1780013,,12,13.967,18.68781853,6.281123969,12.52805193,8.39326E-07,12.52805277,3.87373E-08,3.47698E-08,,,2.09044E-09,98.49452088,110.1780013,,12,13.967,16.96690115,4.216663431,12.84495324,9.09323E-07,12.84495415,6.18723E-08,5.2848E-08,,,3.20606E-09,98.4945209,110.1780013,,12,13.967,16.37157147,4.037633281,12.42665915,8.67649E-07,12.42666002,9.59343E-08,8.04892E-08,,,4.62886E-09,98.49452093,110.1780013,,12,13.967,15.61092343,3.88681509,11.80591641,8.95288E-07,11.8059173,1.39411E-07,1.15767E-07,,,6.44158E-09,98.49452098,110.1780014,,12,13.96700001
SDS-Vision,EU,POL,15.76160213,4.401859185,11.18986235,0.212444043,11.4023064,52.53330467,34.53931222,,4.672781122,2.795,14.49970786,5.180776756,8.727134174,0.640725861,9.367860035,1.17935E-06,5.75687E-06,,51.57677076,34.53931798,,5,3.213,13.82639412,5.671435252,8.203886585,1.20787E-06,8.203887793,2.12648E-06,0.093258825,,,5.87317E-10,51.57677171,34.63257105,,5,3.213000001,13.4383188,8.689457674,4.797789073,9.63875E-07,4.797790037,2.72518E-06,0.326718935,,,1.34039E-09,51.57677231,34.86603116,,5,3.213000001,11.36551674,10.99341934,0.406760975,8.85411E-07,0.40676186,3.41285E-06,0.326720614,,,2.31438E-09,51.576773,34.86603284,,5,3.213000002,9.362123675,13.09074636,-3.703760409,9.47986E-07,-3.703759461,4.36167E-06,0.3267232,,,3.57681E-09,51.57677395,34.86603542,,5,3.213000004,7.542708097,14.72719009,-7.160006634,8.8723E-07,-7.160005747,5.14985E-06,0.326725945,,,5.21643E-09,51.57677473,34.86603817,,5,3.213000005,6.094067763,16.19505624,-10.07244847,9.06718E-07,-10.07244757,5.64395E-06,0.326726322,,,7.31652E-09,51.57677523,34.86603854,,5,3.213000007
SDS-Vision,EU,PRT,5.593133514,,2.265361727,3.331833582,5.597195309,5.021496131,2.812217815,,7.6,0.476,4.788957465,,1.89649579,2.897605468,4.794101258,,,,5.021496131,2.812217815,,7.9,0.562,3.594976768,,2.227112486,1.373008061,3.600120546,,,,,2.49516E-09,5.021496131,2.812217815,,7.9,0.562000002,2.492753592,,1.804256757,0.693640608,2.497897365,4.44563E-09,4.68051E-09,,,5.84928E-09,5.021496135,2.81221782,,7.9,0.562000006,2.308517131,,2.277539063,0.036096669,2.313635732,1.01741E-08,1.07807E-08,,,1.03004E-08,5.021496141,2.812217826,,7.9,0.56200001,2.226346138,,2.231256119,1.05125E-06,2.23125717,1.75467E-08,1.87204E-08,,,1.58607E-08,5.021496148,2.812217834,,7.9,0.562000016,2.170557989,,2.17532312,8.35323E-07,2.175323955,2.70053E-08,2.90067E-08,,,2.28299E-08,5.021496158,2.812217844,,7.9,0.562000023,2.122487785,,2.127129211,8.3263E-07,2.127130043,3.90443E-08,4.22472E-08,,,3.21498E-08,5.02149617,2.812217857,,7.9,0.562000032
SDS-Vision,EU,ROM,10.53397326,9.753797966,0.822464655,,0.822464655,35.55149518,25.71711754,,,2.777,9.034658858,11.02070109,-1.948077767,,-1.948077767,3.94178E-09,2.44968E-07,,36.03969619,26.20925591,,,2.493,7.478720955,10.79955665,-3.296123991,,-3.296123991,9.32E-09,4.94657E-06,,,5.85149E-10,36.0396962,26.20926061,,,3.404000001,5.999370068,10.92599015,-4.900001616,,-4.900001616,2.1072E-08,4.98044E-06,,,1.34943E-09,36.03969621,26.20926064,,,3.404000001,5.130941641,12.03650962,-6.859815842,,-6.859815842,3.74734E-08,5.01328E-06,,,2.35026E-09,36.03969623,26.20926068,,,3.404000002,4.504626379,12.13550243,-7.579038482,,-7.579038482,5.60443E-08,5.05668E-06,,,3.64424E-09,36.03969624,26.20926072,,,3.404000004,4.294000523,12.15573054,-7.80989245,,-7.80989245,9.17375E-08,5.11281E-06,,,5.2605E-09,36.03969628,26.20926078,,,3.404000005,4.141611222,12.30660367,-8.113154887,,-8.113154887,1.38711E-07,5.17882E-06,,,7.28572E-09,36.03969633,26.20926084,,,3.404000007
SDS-Vision,EU,SVK,4.870177889,0.125459366,4.790763315,,4.790763315,112.7158498,91.65542483,,,3.156,4.127174312,0.112329923,4.061805034,,4.061805034,1.07369E-06,8.12633E-07,,112.7158509,91.65542565,,,3.389,3.766757062,0.079715635,3.730004893,,3.730004893,1.32636E-06,1.21254E-06,,,5.7692E-10,112.7158511,91.65542604,,,3.389000001,3.429795373,0.07995634,3.388862906,,3.388862906,1.68626E-06,1.56002E-06,,,1.32131E-09,112.7158515,91.65542639,,,3.389000001,3.002786771,0.080403705,2.956499511,,2.956499511,2.23777E-06,1.9302E-06,,,2.27314E-09,112.7158521,91.65542676,,,3.389000002,2.60014212,0.078998462,2.550661367,,2.550661367,3.17954E-06,2.39381E-06,,,3.49681E-09,112.715853,91.65542723,,,3.389000003,2.243668623,0.089292197,2.179656251,,2.179656251,3.98001E-06,2.81492E-06,,,5.05867E-09,112.7158538,91.65542765,,,3.389000005,1.89599903,0.088511492,1.832144715,,1.832144715,4.14465E-06,3.09232E-06,,,7.03616E-09,112.715854,91.65542792,,,3.389000007
SDS-Vision,EU,SVN,1.090850881,,1.090850887,,1.090850887,4.909907328,7.582365305,,,,0.87588704,,0.875887042,,0.875887042,6.29511E-06,1.42976E-06,,4.909913623,13.24854843,,,,0.806706958,,0.80670696,,0.80670696,6.51879E-06,2.28794E-06,,,,10.09675595,13.24854929,,,,0.764940507,,0.764940509,,0.764940509,6.80206E-06,2.87721E-06,,,,10.09675624,13.24854987,,,,0.713851717,,0.713851719,,0.713851719,7.13721E-06,3.78298E-06,,,,10.09675657,13.24855078,,,,0.674983455,,0.674983457,,0.674983457,7.65093E-06,5.02694E-06,,,,10.09675708,13.24855202,,,,0.709561044,,0.709561046,,0.709561046,8.1694E-06,6.17723E-06,,,,10.0967576,13.24855317,,,,0.748739736,,0.748739736,,0.748739736,8.52882E-06,6.74513E-06,,,,10.09675796,13.24855374,,,
SDS-Vision,EU,SWE,1.397206026,,1.397343083,,1.397343083,3.06869208,,,,0.009,2.767434156,,2.517123006,0.250448205,2.767571212,0.306869197,,,3.375561277,,,1.1,0.009,3.695785163,,3.211302014,0.484620192,3.695922205,0.920607602,,,,,3.989299682,,,1.1,0.009,4.678362528,,4.326180236,0.35231933,4.678499566,2.548235725,,,,,5.616927805,,,1.1,0.009,4.494604041,,4.307890756,0.186850315,4.494741071,2.548235755,,,,,5.616927835,,,1.1,0.009,4.393259643,,4.29373207,0.099664566,4.393396636,2.548235782,,,,,5.616927861,,,1.1,0.009,3.973519249,,3.973655315,8.72546E-07,3.973656188,2.548235796,,,,,5.616927875,,,1.1,0.009,3.461903148,,3.462039515,5.35955E-07,3.462040051,2.548235808,,,,,5.616927888,,,1.1,0.009
SDS-Vision,ROE,ALB,,,,,,,,,,,,,,,,,,,10,9.411217438,,,,,,,,,,,,,,10,9.411217438,,,,,,,,,,,,,,10,9.411217438,,,,,,,,,4.321E-09,,,,,10,9.411217438,,,,,,,,,9.83771E-09,4.64896E-09,,,,10.00000001,9.411217442,,,,,,,,,1.68795E-08,1.05855E-08,,,,10.00000002,9.411217448,,,,,,,,,2.58624E-08,1.81524E-08,,,,10.00000003,9.411217456,,,
SDS-Vision,ROE,BLR,18.91255968,0.231749994,18.70881476,,18.70881476,41.86846756,76.61134408,,,1.839,22.63842291,0.443268748,22.22315923,,22.22315923,,,,41.86846756,74.70486673,,,1.839,24.12372552,0.545561532,23.60425772,,23.60425772,,,,,5.30932E-10,41.86846756,74.70486673,,,1.839000001,25.55287026,0.591024989,24.98587253,,24.98587253,,4.25531E-09,,,1.20879E-09,41.86846756,74.70486674,,,1.839000001,27.76606387,0.647854299,27.13520633,,27.13520633,,1.40383E-08,,,2.07366E-09,41.86846756,74.70486674,,,1.839000002,29.69424971,0.681951849,29.02294788,,29.02294788,4.01173E-09,3.08076E-08,,,3.17733E-09,41.86846757,74.70486676,,,1.839000003,32.251067,0.712480572,31.54141964,,31.54141964,8.62306E-09,5.22102E-08,,,4.58597E-09,41.86846757,74.70486678,,,1.839000005,33.3949183,0.736265696,32.65907811,,32.65907811,1.42746E-08,7.95247E-08,,,6.38339E-09,41.86846758,74.70486681,,,1.839000006
SDS-Vision,ROE,CHE,3.700400471,,3.700400473,,3.700400473,51.24680902,21.92904243,,,,4.372229647,,4.372229647,,4.372229647,,,,64.07952135,32.93281474,,,,4.64107173,,4.64107173,,4.64107173,,,,,,64.07952135,32.93281474,,,,4.827670226,,4.827670226,,4.827670226,,,,,,64.07952135,32.93281474,,,,5.230799939,,5.230799939,,5.230799939,8.35007E-09,1.31035E-08,,,,64.07952136,32.93281476,,,,5.5775142,,5.5775142,,5.5775142,2.32349E-08,2.9897E-08,,,,64.07952138,32.93281477,,,,5.930054873,,5.930054873,,5.930054873,4.22313E-08,5.14406E-08,,,,64.0795214,32.93281479,,,,6.065799148,,6.065799148,,6.065799148,6.63995E-08,7.88961E-08,,,,64.07952142,32.93281482,,,
SDS-Vision,ROE,SRB,1.898910075,0.569544957,1.336217911,,1.336217911,4.954019776,,,,0.45,2.214776668,1.088612215,1.133017244,,1.133017244,,,,4.954019776,,,,0.45,2.544587646,1.331350637,1.220089803,,1.220089803,,2.19398E-06,,,1.57162E-09,7.206774162,2.19398E-06,,,0.450000002,2.707868641,1.438531687,1.276189747,,1.276189747,4.69805E-09,2.93974E-06,,,3.79858E-09,7.206774167,2.93974E-06,,,0.450000004,2.92306821,1.581814812,1.34810619,,1.34810619,1.52337E-08,3.73535E-06,,,5.86831E-09,7.206774178,3.73535E-06,,,0.450000006,3.180009102,1.6605095,1.526352393,,1.526352393,2.88013E-08,4.92782E-06,,,1.00072E-08,7.206774191,4.92782E-06,,,0.45000001,3.474063909,1.677737884,1.803178815,,1.803178815,4.61598E-08,6.40515E-06,,,1.51346E-08,7.206774209,6.40515E-06,,,0.450000015,3.645445824,1.736305922,1.915992692,,1.915992692,6.82432E-08,7.5493E-06,,,2.18662E-08,7.206774231,7.5493E-06,,,0.450000022
SDS-Vision,ROE,TUR,47.73091742,0.40023484,43.96349452,3.407710905,47.37120543,45.77903888,1.739636786,,12.2,2.661,56.77637684,0.684636876,56.1350035,4.53047E-07,56.13500395,,,,94.13517923,29.11424017,,17.2,2.841,60.3405504,0.828770999,59.55504264,7.05894E-07,59.55504335,4.23848E-07,,,,1.35933E-09,94.13517966,29.11424017,,17.2,2.841000001,62.8318254,0.917928529,61.95716006,7.56288E-07,61.95716082,6.67062E-07,,,,3.5435E-09,94.1351799,29.11424017,,17.2,2.841000004,68.49748662,1.02161329,67.51913642,8.41116E-07,67.51913726,1.28571E-06,,,,6.57205E-09,94.13518052,29.11424017,,17.2,2.841000007,74.23092629,1.095433413,73.17875577,9.95728E-07,73.17875677,1.757773983,,,,1.08796E-08,95.89295322,29.11424017,,17.2,2.841000011,79.22272672,1.157718269,78.10827127,1.04241E-06,78.10827232,5.114294519,,,,1.697E-08,99.24947375,29.11424017,,17.2,2.841000017,82.76441195,1.204806495,81.60286799,1.28953E-06,81.60286928,5.114295854,4.22467E-09,,,2.3674E-08,99.24947509,29.11424017,,17.2,2.841000024
SDS-Vision,ROE,UKR,35.71031208,19.52787968,16.50777653,,16.50777653,313.1938873,141.3300928,,,30.829,41.78249088,37.39767857,4.455876377,,4.455876377,,,,47.46735932,141.3300928,,,29.245,44.81503251,45.84628544,-0.989935262,2.90856E-07,-0.989934971,,,,3.01121E-07,5.29247E-10,47.46735932,141.3300928,,3.01121E-07,29.245,47.43596642,49.59241856,-2.130681493,3.52239E-07,-2.13068114,8.66197E-07,,,3.65613E-07,1.2049E-09,47.46736019,141.3300928,,3.65613E-07,29.245,51.36893887,53.12033607,-1.716064474,4.05137E-07,-1.716064069,9.24254E-07,,,4.22491E-07,2.06745E-09,47.46736024,141.3300928,,4.22491E-07,29.245,55.26400855,56.07392253,-0.73374075,4.66181E-07,-0.733740284,9.87129E-07,,,4.86994E-07,3.16858E-09,47.46736031,141.3300928,,4.86994E-07,29.245,59.20065349,58.61436957,0.707353293,5.02194E-07,0.707353796,1.04209E-06,8.21846E-09,,5.29496E-07,4.57408E-09,47.46736036,141.3300928,,5.29496E-07,29.245,62.19441103,61.0674495,1.25847694,5.28279E-07,1.258477468,1.09691E-06,2.76925E-08,,5.57917E-07,6.36766E-09,47.46736042,141.3300928,,5.57917E-07,29.24500001
SDS-Vision,CAS,AZE,13.71101607,13.72134626,2.52124E-08,,2.52124E-08,13,,,,4.8,9.761921771,21.46715803,-11.66997214,,-11.66997214,5.10559E-08,,,13.00000005,15.17481139,,,4.8,11.23194502,22.31930742,-11.04652583,,-11.04652583,6.32987E-08,3.73546E-09,,,5.29004E-10,13.00000006,15.17481139,,,4.800000001,11.79783489,21.76191958,-9.922511078,,-9.922511078,7.33802E-08,1.16674E-08,,,1.20426E-09,13.00000007,15.1748114,,,4.800000001,12.90510039,21.2377128,-8.291038794,,-8.291038794,8.35834E-08,3.79814E-08,,,2.0662E-09,13.00000008,15.17481143,,,4.800000002,13.49412931,20.56265621,-7.026953278,,-7.026953278,9.49097E-08,3.24025E-07,,,3.16621E-09,13.00000009,15.17481171,,,4.800000003,13.91239539,20.47206822,-6.539902344,,-6.539902344,1.07679E-07,2.953107035,,,4.57001E-09,13.00000011,18.12791843,,,4.800000005,14.27279489,20.5002694,-6.209692109,,-6.209692109,1.24362E-07,2.953107191,,,6.36136E-09,13.00000012,18.12791858,,,4.800000006
SDS-Vision,CAS,KAZ,24.38382552,37.11119996,-12.65580084,,-12.65580084,65,119.4519174,,,4.7,28.40482114,38.76242705,-10.28603231,,-10.28603231,,,,65,119.4519174,,,4.7,29.94124262,40.47883206,-10.46601584,,-10.46601584,,,,,5.65655E-10,65,119.4519174,,,4.700000001,29.33521837,39.7274635,-10.32067153,,-10.32067153,,,,,1.28531E-09,65,119.4519174,,,4.700000001,30.093875,39.72844866,-9.563000058,,-9.563000058,,5.31275E-09,,,2.20004E-09,65,119.4519174,,,4.700000002,30.56556105,39.61468016,-8.977545499,,-8.977545499,,1.27083E-08,,,3.36132E-09,65,119.4519174,,,4.700000003,30.62361218,39.48964549,-8.794459709,,-8.794459709,4.12676E-09,2.22139E-08,,,4.83361E-09,65,119.4519174,,,4.700000005,30.08280064,39.33408699,-9.179712745,,-9.179712745,1.3277E-08,3.3633E-08,,,6.69671E-09,65.00000001,119.4519174,,,4.700000007
SDS-Vision,CAS,TKM,31.7935874,86.77900585,-54.98541844,,-54.98541844,,73.88374908,,,,33.55056184,89.14556836,-55.59500651,,-55.59500651,,1.45923E-07,,,73.88374923,,,,35.15879288,92.76274469,-57.60395181,,-57.60395181,2.00979E-07,6.172839035,,,,2.00979E-07,80.05658812,,,,34.38385188,93.27690273,-58.89305085,,-58.89305085,2.83174E-07,6.17283906,,,,2.83174E-07,80.05658814,,,,35.23056943,93.32619058,-58.09562115,,-58.09562115,4.13228E-07,6.172839081,,,,4.13228E-07,80.05658816,,,,35.69796076,93.10602812,-57.40806736,,-57.40806736,5.74721E-07,6.172839103,,,,5.74721E-07,80.05658819,,,,35.75284687,93.11994147,-57.3670946,,-57.3670946,7.75718E-07,6.172839134,,,,7.75718E-07,80.05658822,,,,35.17433032,92.91765482,-57.7433245,,-57.7433245,1.2664E-06,6.172839171,,,,1.2664E-06,80.05658825,,,
SDS-Vision,CAS,UZB,45.18283137,61.24749941,-16.00584918,,-16.00584918,55,55.95116989,,,5.4,48.79491333,64.18022101,-15.3764694,,-15.3764694,,12.57861631,,55,68.52978619,,,5.4,51.6586014,67.03742976,-15.33239685,,-15.33239685,,15.78902213,,,5.28796E-10,55,71.74019202,,,5.400000001,50.17859238,65.80226351,-15.57271884,,-15.57271884,3.75061E-09,15.78902216,,,1.20373E-09,55,71.74019205,,,5.400000001,51.06347301,65.83287851,-14.71117471,,-14.71117471,8.53786E-09,16.65808763,,,2.06517E-09,55.00000001,72.60925752,,,5.400000002,51.824465,65.67274957,-13.80862391,,-13.80862391,1.46482E-08,17.14942663,,,3.16462E-09,55.00000001,73.10059652,,,5.400000003,51.68282156,65.66432844,-13.94024751,,-13.94024751,2.24469E-08,17.14942671,,,4.56778E-09,55.00000002,73.1005966,,,5.400000005,50.17460835,65.41139366,-15.21168657,,-15.21168657,3.23999E-08,17.14942675,,,6.35844E-09,55.00000003,73.10059664,,,5.400000006
SDS-Vision,MEA,ARE,68.96600357,58.66893306,18.11208938,-7.801990742,10.31009864,25,20.16129032,7.801990853,8.2,3.3,78.61178155,62.35303452,20.21867023,-3.948775948,16.26989428,6.88396E-08,,,25.00000007,20.16129032,7.801990853,13.4,3.3,84.25192382,67.8728826,22.71304829,-6.283753288,16.429295,1.62511E-07,,,,5.65855E-10,25.00000016,20.16129032,7.801990853,13.4,3.300000001,91.00677404,73.90818235,24.95052098,-7.801990238,17.14853074,2.264126844,4.61593E-09,,,1.30023E-09,27.26412684,20.16129033,7.801990853,13.4,3.300000001,88.85193822,73.65789564,23.04628645,-7.80199011,15.24429634,4.1651095,1.07244E-08,,,2.25157E-09,29.1651095,20.16129033,7.801990853,13.4,3.300000002,85.02064524,72.83050793,20.04238096,-7.801989912,12.24039104,7.157620958,1.89068E-08,,,3.48031E-09,32.15762096,20.16129034,7.801990853,13.4,3.300000003,79.75117119,73.49346499,14.10994963,-7.801989708,6.307959918,11.04590248,3.00573E-08,,,5.05784E-09,36.04590248,20.16129035,7.801990853,13.4,3.300000005,75.89899983,72.12344384,11.6277994,-7.801989737,3.825809661,11.04590257,4.51308E-08,,,7.06097E-09,36.04590257,20.16129037,7.801990853,13.4,3.300000007
SDS-Vision,MEA,BHR,15.45449496,15.45449496,,,,,,,,,16.81457676,16.8145767,,5.5339E-08,5.5339E-08,,,,,,,7.5,,18.30037633,18.30037614,,1.72336E-07,1.72336E-07,,,,,,,,,7.5,,19.79962352,19.79962329,,1.97994E-07,1.97994E-07,,,,,,,,,7.5,,19.60218235,19.60218206,,2.29532E-07,2.29532E-07,,,,,,,,,7.5,,19.1544193,19.15441894,,2.69143E-07,2.69143E-07,,,,,,,,,7.5,,18.78288862,18.78288818,,2.98549E-07,2.98549E-07,,,,,,,,,7.5,,18.01456865,18.01456817,,3.0469E-07,3.0469E-07,,,,,,,,,7.5,
SDS-Vision,MEA,IRN,179.6106774,185.314508,-5.603322994,,-5.603322994,8,13.60332295,,,6.6,198.4710176,198.2028223,0.368702876,,0.368702876,,,,8,13.60332295,,,6.6,212.7602513,215.3179105,-2.45715091,-7.20056E-07,-2.45715163,,1.85838467,7.25871E-07,,7.62463E-10,8,15.46170762,7.25871E-07,,6.600000001,219.0402795,244.7437106,-25.6029227,-7.89189E-07,-25.60292349,,29.59196357,7.97203E-07,,1.81398E-09,8,43.19528652,7.97203E-07,,6.600000002,214.57202,243.2434327,-28.57090414,-9.45976E-07,-28.57090508,,31.20104072,9.5612E-07,,3.1598E-09,8,44.80436367,9.5612E-07,,6.600000003,199.8487663,241.346749,-41.397474,-1.12521E-06,-41.39747512,,41.39747446,1.13838E-06,,4.82549E-09,8,55.00079741,1.13838E-06,,6.600000005,186.874173,239.3491159,-52.37443392,-1.37004E-06,-52.37443529,4.12868E-09,52.37443451,1.38656E-06,,6.80853E-09,8.000000004,65.97775746,1.38656E-06,,6.600000007,173.8877177,237.0910993,-63.10287244,-1.5502E-06,-63.10287399,9.39768E-09,63.10287261,1.56544E-06,,9.14749E-09,8.000000009,76.70619556,1.56544E-06,,6.600000009
SDS-Vision,MEA,IRQ,7.667725597,7.667725597,,,,,,,,,8.36736234,8.36736234,,,,,,,,,,,,8.282419069,9.191434203,-0.909015135,,-0.909015135,,0.996027074,,,,,1.521279599,,,,9.011397881,9.952728999,-0.941331117,,-0.941331117,,0.996027365,,,,,1.52127989,,,,8.936122404,9.851420508,-0.915298104,,-0.915298104,,0.996027944,,,,,1.521280469,,,,8.763680611,9.697696644,-0.934016032,,-0.934016032,,0.996028855,,,,,1.52128138,,,,8.59118091,9.59666991,-1.005489,,-1.005489,,1.471441387,,,,,1.996693912,,,,8.114459581,9.352598555,-1.238138974,,-1.238138974,,1.47144255,,,,,1.996695075,,,
SDS-Vision,MEA,ISR,8.424454757,8.424454754,,2.85412E-09,2.85412E-09,,,,4.8,,9.166056553,9.166056498,,5.34757E-08,5.34757E-08,,,,,,,4.8,,9.977870043,9.977869857,,1.67987E-07,1.67987E-07,,,,,,,,,4.8,,10.79312166,10.79312144,,1.92284E-07,1.92284E-07,,,,,,,,,4.8,,10.68557946,10.68557918,,2.25131E-07,2.25131E-07,,,,,,,,,4.8,,10.55500246,10.55500211,,2.59276E-07,2.59276E-07,,,,,,,,,4.8,,10.42120461,10.42120418,,2.85733E-07,2.85733E-07,,,,,,,,,4.8,,9.994217007,9.994216541,,2.9305E-07,2.9305E-07,,,,,,,,,4.8,
SDS-Vision,MEA,KWT,17.23523469,16.05110148,,1.184133213,1.184133213,,,,7.9,,20.75908146,16.9411028,2.733305139,1.08467352,3.817978659,2.733305181,,,2.733305181,,,7.9,,22.5709402,18.21357005,4.168569892,0.188800239,4.357370132,4.254711842,,,,,4.774711842,,,35.4,,24.00250291,19.80193976,4.200562617,5.03401E-07,4.20056312,4.254711949,,,,,4.774711949,,,35.4,,23.77361955,19.5988297,4.174789343,4.45359E-07,4.174789788,4.254711981,,,,,4.774711981,,,35.4,,23.30381035,19.18966901,4.114140847,4.20311E-07,4.114141267,4.254712003,,,,,4.774712003,,,35.4,,22.88108572,18.94168687,3.939398315,4.02261E-07,3.939398717,4.254712022,,,,,4.774712022,,,35.4,,22.31503304,18.423572,3.891460503,3.65191E-07,3.891460868,4.254712043,,,,,4.774712043,,,35.4,
SDS-Vision,MEA,OMN,28.22125596,32.61949279,-4.398236781,,-4.398236781,20,5.12295082,,,,31.23994174,34.96382959,-3.723887782,,-3.723887782,4.98262E-08,1.99074E-07,,20.00000005,5.122951019,,,,33.3401352,37.85762567,-4.517490455,,-4.517490455,3.2397E-07,0.757803781,,,,20.00000032,5.880754601,,,,34.65404131,42.53161583,-7.877574522,,-7.877574522,4.39638E-07,5.125119712,,,,20.00000044,10.24807053,,,,32.01401831,44.6703707,-12.65635239,,-12.65635239,6.06998E-07,13.41968857,,,,20.00000061,18.54263939,,,,28.9598756,44.65044859,-15.69057298,,-15.69057298,9.06139E-07,22.67215079,,,,20.00000091,27.79510161,,,,26.48778916,44.3822302,-17.89444103,,-17.89444103,2.02012E-06,34.69490778,,,,20.00000202,39.8178586,,,,25.80484763,43.88461892,-18.07977129,,-18.07977129,2.1698E-06,37.34253091,,,,20.00000217,42.46548173,,,
SDS-Vision,MEA,QAT,43.38358483,163.0559127,-13.91682809,-105.7554998,-119.6723279,,20.14098691,107.8415502,,,47.57980072,170.5791882,-16.70106331,-106.2983242,-122.9993875,,7.88712E-09,,,20.14098692,107.8415502,,,51.10905381,183.2965077,-24.34590376,-107.8415501,-132.1874539,,6.079027321,,,,,26.22001423,107.8415502,,,56.43005043,192.393158,-28.12155747,-107.8415501,-135.9631076,,8.359114647,,,,,28.50010156,107.8415502,,,55.27693259,192.718845,-29.6003623,-107.8415501,-137.4419124,,10.27349794,,,,,30.41448485,107.8415502,,,52.65998989,192.3243626,-31.82282259,-107.8415501,-139.6643727,,13.28710456,,,,,33.42809147,107.8415502,,,50.94719434,193.7906146,-35.00187012,-107.8415501,-142.8434203,,17.20279579,4.29597E-09,,,,37.3437827,107.8415502,,,48.91204596,191.066193,-34.31259691,-107.8415502,-142.1541471,,17.20279584,9.00133E-09,,,,37.34378274,107.8415502,,
SDS-Vision,MEA,SAU,85.07705244,85.07705244,,,,,,,,,90.5982519,93.36755807,-2.769306168,,-2.769306168,,2.769306273,,,2.769306273,,,,102.2619842,100.4728015,1.789182687,,1.789182687,5.999999925,3.311697778,,,,5.999999925,3.311697778,,,,110.9651806,108.6504995,2.314681136,,2.314681136,6.00000001,3.311697943,,,,6.00000001,3.311697943,,,,109.9053954,107.6754975,2.229897913,,2.229897913,6.000000026,3.311698129,,,,6.000000026,3.311698129,,,,107.3210408,106.0600258,1.26101501,,1.26101501,6.000000037,3.311698461,,,,6.000000037,3.311698461,,,,105.4359005,104.9678877,0.46801278,,0.46801278,6.000000047,3.311699666,,,,6.000000047,3.311699666,,,,101.0216143,101.19107,-0.169455759,,-0.169455759,6.000000058,3.311699807,,,,6.000000058,3.311699807,,,
SDS-Vision,MEA,SYR,4.572349103,4.572349103,,,,,,,,,4.980948602,4.980948602,,,,,,,,,,,,5.396728079,5.396728079,,,,,,,,,,,,,,5.856113005,5.856113005,,,,,,,,,,,,,,5.799993798,5.799993798,,,,,,,,,,,,,,5.632850963,5.632850963,,,,,,,,,,,,,,5.521996363,5.521996363,,,,,,,,,,,,,,5.296457071,5.296457071,,,,,,,,,,,,,
SDS-Vision,MEA,YEM,1.630067857,1.630067857,,,,,,,,,1.517073203,2.568005974,,-1.050932771,-1.050932771,,,,,,9.718200101,,,1.610188409,2.825620014,,-1.215431605,-1.215431605,,,,,,,,9.718200101,,,1.691184517,3.203305379,,-1.512120862,-1.512120862,,,,,,,,9.718200101,,,1.621749331,3.308037148,,-1.686287817,-1.686287817,,,,,,,,9.718200101,,,1.534752379,3.31913878,,-1.784386401,-1.784386401,,,,,,,,9.718200101,,,1.430534882,3.463363256,,-2.032828374,-2.032828374,,,,,,,,9.718200101,,,1.244724309,3.59023082,,-2.345506511,-2.345506511,,,,,,,,9.718200101,,
SDS-Vision,AFR,AGO,0.38809528,0.38809528,,,,,,,,,0.355344514,0.776255515,,-0.420911001,-0.420911001,,,,,,7.445190157,,,0.377340076,0.888989557,,-0.511649481,-0.511649481,,,,,,,,7.445190157,,,0.374913715,1.003108698,,-0.628194984,-0.628194984,,,,,,,,7.445190157,,,0.376374645,1.066057516,,-0.689682871,-0.689682871,,,,,,,,7.445190157,,,0.397856277,1.128568069,,-0.730711792,-0.730711792,,,,,,,,7.445190157,,,0.400588773,1.191078584,,-0.790489811,-0.790489811,,,,,,,,7.445190157,,,0.384705682,1.253589099,,-0.868883417,-0.868883417,,,,,,,,7.445190157,,
SDS-Vision,AFR,COG,0.24472439,0.24472439,,,,,,,,,0.275576909,0.275576909,,,,,,,,,,,,0.31365605,0.31365605,,,,,,,,,,,,,,0.349722265,0.349722265,,,,,,,,,,,,,,0.369025572,0.369025572,,,,,,,,,,,,,,0.395128794,0.395128794,,,,,,,,,,,,,,0.418228166,0.418228166,,,,,,,,,,,,,,0.441589679,0.441589679,,,,,,,,,,,,,
SDS-Vision,AFR,DZA,35.05552277,80.74083374,-31.87920413,-13.80610684,-45.68531097,,98.16890473,40.24280388,,,43.64433233,89.97332012,-42.2476203,-4.081367489,-46.32898779,6.17492E-08,4.39559E-08,,6.17492E-08,98.84332014,44.25175242,,,47.05292856,103.6514765,-31.39334555,-25.20520242,-56.59854797,8.33194E-08,5.92938E-08,,,,8.33194E-08,98.84332015,44.25175242,,,49.31023389,117.1491876,-23.58720135,-44.25175239,-67.83895373,2.17869E-07,7.80928E-08,,,,2.17869E-07,98.84332017,44.25175242,,,53.36266096,121.1293643,-23.5149509,-44.25175241,-67.76670331,4.32293E-07,1.00212E-07,,,,4.32293E-07,98.84332019,44.25175242,,,59.0183088,126.443792,-23.17373079,-44.25175241,-67.4254832,4.58907E-07,1.25966E-07,5.08806E-09,,,4.58907E-07,98.84332022,44.25175243,,,65.33419492,129.8014798,-20.21553242,-44.25175243,-64.46728485,4.7801E-07,1.55806E-07,1.34047E-08,,,4.7801E-07,98.84332025,44.25175244,,,71.04797452,135.8058342,-20.50610728,-44.25175244,-64.75785972,4.92081E-07,1.81642E-07,2.12018E-08,,,4.92081E-07,98.84332027,44.25175244,,
SDS-Vision,AFR,EGY,48.50188217,52.09659044,,-3.59470827,-3.59470827,,,18.11814323,13,,58.34249332,57.69798958,9.02851E-09,0.644503728,0.644503737,2.2835E-08,,,2.2835E-08,,18.11814323,13,,63.70896947,66.56085202,1.66553E-08,-2.851882594,-2.851882577,3.53166E-08,,,,,3.53166E-08,,18.11814323,13,,67.00223169,76.34118006,2.20255E-08,-9.338948423,-9.338948401,4.99707E-08,,,,,4.99707E-08,,18.11814323,13,,69.22097812,81.44654004,4.76109E-08,-12.22556202,-12.22556197,7.85116E-08,,,,,7.85116E-08,,18.11814323,13,,73.31763184,86.4591172,1.0362E-07,-13.14148554,-13.14148544,1.50943E-07,,,,,1.50943E-07,,18.11814323,13,,74.97845901,91.47150265,4.3004E-07,-16.4930442,-16.49304377,5.11371E-07,,,,,5.11371E-07,,18.11814323,13,,78.24962053,96.3677626,4.90437E-07,-18.11814272,-18.11814223,5.51383E-07,,,,,5.51383E-07,,18.11814323,13,
SDS-Vision,AFR,GNQ,1.950009044,7.359857525,,-5.409848481,-5.409848481,,,5.409848485,,,2.429205663,7.839054141,,-5.409848478,-5.409848478,,,,,,5.409848485,,,2.700880127,8.258497262,,-5.557617135,-5.557617135,,,0.147768657,,,,,5.557617142,,,2.717737884,10.29808256,,-7.580344672,-7.580344672,,,2.170496196,,,,,7.580344681,,,2.745090436,12.02230055,,-9.277210117,-9.277210117,,,3.867361643,,,,,9.277210127,,,2.909987288,13.36189275,,-10.45190546,-10.45190546,,,5.042056989,,,,,10.45190547,,,3.080883273,14.14393983,,-11.06305655,-11.06305655,,,5.653208086,,,,,11.06305657,,,3.432675264,14.49573186,,-11.06305659,-11.06305659,,,5.653208121,,,,,11.06305661,,
SDS-Vision,AFR,LBY,4.26694912,12.04084151,-7.77389239,,-7.77389239,,13.90381356,,,,5.505332361,13.40374042,-7.898407309,-7.40987E-07,-7.89840805,4.27251E-08,2.82054E-07,,4.27251E-08,13.90381385,4.141962422,,,6.20453328,15.16587686,-8.257775584,-0.70356799,-8.961343573,5.76336E-08,3.41396E-07,,,,5.76336E-08,13.90381391,4.141962422,,,6.511245178,17.0630965,-7.650611173,-2.901240143,-10.55185132,7.59062E-08,4.16401E-07,,,,7.59062E-08,13.90381398,4.141962422,,,7.100319554,17.92706082,-6.684778858,-4.141962403,-10.82674126,9.74057E-08,7.87951E-07,,,,9.74057E-08,13.90381435,4.141962422,,,7.895921536,18.7638347,-6.725950748,-4.141962412,-10.86791316,1.22439E-07,1.18522E-06,5.28699E-09,,,1.22439E-07,13.90381475,4.141962427,,,8.798771079,19.24254891,-6.301815408,-4.141962425,-10.44377783,1.47113E-07,1.61537E-06,1.47756E-08,,,1.47113E-07,13.90381518,4.141962436,,,9.577774129,20.13432221,-6.414585644,-4.141962436,-10.55654808,1.66699E-07,1.68174E-06,2.3881E-08,,,1.66699E-07,13.90381525,4.141962446,,
SDS-Vision,AFR,MOZ,0.511356867,4.144351939,-3.632995072,,-3.632995072,,5.555555556,,,,0.628449607,4.636747938,-4.008298332,,-4.008298332,,,,,5.555555556,,,,0.652992179,5.320591885,-4.667598827,-8.78634E-07,-4.667599706,,,8.84116E-07,,,,5.555555556,8.84116E-07,,,0.566393467,6.016762067,-5.450367695,-9.05128E-07,-5.4503686,,5.62888E-09,9.1324E-07,,,,5.555555561,9.1324E-07,,,0.555496244,6.391543551,-5.836046255,-1.05179E-06,-5.836047307,,0.28049073,1.06101E-06,,,,5.836046286,1.06101E-06,,,0.469714914,6.766325033,-6.296609015,-1.10381E-06,-6.296610119,,0.741053496,1.11729E-06,,,,6.296609052,1.11729E-06,,,0.406911013,7.141106511,-6.734194254,-1.24346E-06,-6.734195497,,1.178638744,1.25995E-06,,,,6.7341943,1.25995E-06,,,0.458146619,7.515887982,-7.057739712,-1.65172E-06,-7.057741363,,1.502184179,1.66985E-06,,,,7.057739734,1.66985E-06,,
SDS-Vision,AFR,NGA,17.38597447,43.12113341,,-25.73515894,-25.73515894,,,30.5993117,,,22.18821725,47.41809209,-5.81966E-08,-25.22987478,-25.22987484,,6.45912E-08,,,6.45912E-08,30.45894789,,,24.05883122,54.30280864,-7.72238E-08,-30.24397734,-30.24397742,,8.71542E-08,,,,,8.71542E-08,30.45894789,,,26.84374951,57.3026976,-2.09098E-07,-30.45894787,-30.45894808,,2.27896E-07,,,,,2.27896E-07,30.45894789,,,28.97368146,59.43262977,-4.25195E-07,-30.45894789,-30.45894831,,4.5219E-07,9.54595E-09,,,,4.5219E-07,30.4589479,,,31.91691645,62.37586482,-4.467E-07,-30.45894791,-30.45894836,,4.80029E-07,3.8754E-08,,,,4.80029E-07,30.45894792,,,34.90816046,65.3671089,-4.66868E-07,-30.45894797,-30.45894844,,5.00011E-07,9.87843E-08,,,,5.00011E-07,30.45894798,,,37.97805415,68.43700263,-4.88203E-07,-30.45894799,-30.45894848,,5.14729E-07,1.13867E-07,,,,5.14729E-07,30.458948,,
SDS-Vision,AFR,TUN,5.41266807,3.071169255,2.341498816,,2.341498816,33.5,36.96537678,,,,7.026436664,3.429367037,3.597069624,,3.597069624,2.53743E-07,,,33.50000025,36.96537678,,,,7.923175377,3.91097649,4.012198887,,4.012198887,2.99412E-07,,,,,33.5000003,36.96537678,,,,8.344515377,4.400474721,3.944040656,,3.944040656,3.58263E-07,,,,,33.50000036,36.96537678,,,,8.933662531,4.673164364,4.260498168,,4.260498168,6.94066E-07,,,,,33.50000069,36.96537678,,,,9.776970248,4.949906106,4.827064141,,4.827064141,1.01099E-06,,,,,33.50000101,36.96537678,,,,10.69702257,5.225168334,5.471854235,,5.471854235,1.07507E-06,,,,,33.50000108,36.96537678,,,,11.54900966,5.505525701,6.043483959,,6.043483959,1.10556E-06,4.34043E-09,,,,33.50000111,36.96537679,,,
SDS-Vision,AFR,TZA,0.955853205,0.955853205,,,,,,,,,1.080144281,1.080144281,,,,,,,,,,,,1.229264098,1.229265082,,-9.84549E-07,-9.84549E-07,,,9.90554E-07,,,,,9.90554E-07,,,1.355439558,1.355441381,,-1.82317E-06,-1.82317E-06,,,1.83107E-06,,,,,1.83107E-06,,,1.429761442,1.429769054,,-7.61124E-06,-7.61124E-06,,,7.6215E-06,,,,,7.6215E-06,,,1.542428029,1.542436426,,-8.39689E-06,-8.39689E-06,,,8.40943E-06,,,,,8.40943E-06,,,1.63831154,1.638320187,,-8.6474E-06,-8.6474E-06,,,8.66255E-06,,,,,8.66255E-06,,,1.72964394,1.729652679,,-8.7391E-06,-8.7391E-06,,,8.75325E-06,,,,,8.75325E-06,,
SDS-Vision,AFR,ZAF,4.558728416,1.027457206,3.53127121,,3.53127121,5.4,,,,,5.045330582,1.149264604,3.896065978,,3.896065978,,,,5.4,,,,,5.854959084,1.318053024,4.53690606,,4.53690606,,,,,,5.4,,,,,6.792142754,1.494385354,5.297757399,,5.297757399,5.47127E-09,,,,,5.400000005,,,,,7.260106937,1.587469977,5.67263696,,5.67263696,0.27263699,,,,,5.67263699,,,,,7.800858554,1.680554591,6.120303963,,6.120303963,0.720303998,,,,,6.120303998,,,,,8.319276016,1.773639202,6.545636815,,6.545636815,1.14563686,,,,,6.54563686,,,,,8.726846811,1.866723811,6.860123,,6.860123,1.460123022,,,,,6.860123022,,,,
SDS-Vision,ASP,AUS,36.76920603,68.49131523,,-31.62930717,-31.62930717,,,49.04766815,,6.094,46.04959287,73.3775899,,-27.2458549,-27.2458549,,,,,,115.369819,,5.394,50.27864961,81.93509999,,-31.57430825,-31.57430825,,,,,7.62109E-10,,,115.369819,,5.394000001,54.44535119,94.26376202,,-39.7362687,-39.7362687,,,,,1.85994E-09,,,115.369819,,5.394000002,55.28558745,104.4414952,,-49.07376561,-49.07376561,,,,,3.31588E-09,,,115.369819,,5.394000003,56.58474411,112.597293,,-55.93040677,-55.93040677,,,,,5.19036E-09,,,115.369819,,5.394000005,56.10794639,121.1693448,,-64.97925626,-64.97925626,,,,,7.54404E-09,,,115.369819,,5.394000008,55.09092016,130.8595992,,-75.68653691,-75.68653691,,,,,1.01664E-08,,,115.369819,,5.39400001
SDS-Vision,ASP,BGD,25.61282299,25.61282299,,,,,,,,,29.82671392,29.82671372,,1.9484E-07,1.9484E-07,8.59736E-09,,,8.59736E-09,,,4.6875,,33.21113107,33.21113046,6.28086E-08,4.89874E-07,5.52682E-07,1.75256E-07,,,,,1.75256E-07,,,4.6875,,36.83589111,36.83589051,1.33343E-07,4.46023E-07,5.79366E-07,2.2869E-07,,,,,2.2869E-07,,,4.6875,,39.68287552,39.68287497,9.42178E-08,3.55575E-07,4.49793E-07,2.7367E-07,,,,,2.7367E-07,,,4.6875,,42.21940465,42.21940402,1.55515E-07,3.94884E-07,5.50399E-07,3.23544E-07,,,,,3.23544E-07,,,4.6875,,44.28756592,44.28756521,1.75939E-07,4.00649E-07,5.76588E-07,3.72297E-07,,,,,3.72297E-07,,,4.6875,,46.33346128,46.33346056,1.65161E-07,3.90665E-07,5.55826E-07,4.14931E-07,,,,,4.14931E-07,,,4.6875,
SDS-Vision,ASP,BRN,3.85476025,12.89159202,,-9.036831771,-9.036831771,,,9.630591631,,,5.066064575,13.64389843,,-8.577833852,-8.577833852,,,,,,9.766233766,,,5.651147965,15.27265135,,-9.621503389,-9.621503389,,,,,,,,9.766233766,,,6.423819961,16.1900537,,-9.766233735,-9.766233735,,,,,,,,9.766233766,,,6.819393151,16.58562691,,-9.766233756,-9.766233756,,,5.36152E-09,,,,,9.766233772,,,7.207055385,16.97328916,,-9.766233771,-9.766233771,,,1.93569E-08,,,,,9.766233786,,,7.573841179,17.34007499,,-9.766233809,-9.766233809,,,5.56649E-08,,,,,9.766233822,,,7.93001722,17.69625105,,-9.766233827,-9.766233827,,,7.06136E-08,,,,,9.766233837,,
SDS-Vision,ASP,CHN,185.7814955,134.8769387,33.29051445,17.61655637,50.90707082,400.001,341.1858493,,55,2.678,306.998304,158.2429585,75.0629208,73.69560381,148.7585246,15.00000002,3.086419751,4.895603649,415.001,344.272269,,88.24560365,3.223,406.7136308,179.1626364,79.05694593,148.4972748,227.5542207,27.10346459,10.83804044,,79.27492216,2.72491E-09,427.1044646,352.0238897,,162.6249222,3.223000003,513.6484342,199.3221558,84.9339442,229.3955604,314.3295046,38.51225613,17.53399161,,160.1926267,6.1861E-09,438.5132561,358.7198409,,243.5426267,3.223000006,604.4159749,216.151725,91.71506323,296.5524128,388.2674761,47.51146007,18.54674745,,227.4358178,1.05558E-08,447.5124601,359.7325967,,310.7858178,3.223000011,670.3161364,232.44157,97.07604081,340.8017516,437.8777924,55.77633162,21.1719924,,271.482457,1.60237E-08,455.7773316,362.3578417,,354.832457,3.223000016,728.9283685,249.0097226,103.6618578,376.2600141,479.9218719,65.87733332,24.41218295,,310.3243161,2.26279E-08,465.8783333,365.5980322,,393.6743161,3.223000023,775.7264757,265.7046439,107.1572867,402.867771,510.0250577,70.36802656,27.13564898,,333.4331792,3.0214E-08,470.3690266,368.3214982,,416.7831792,3.22300003
SDS-Vision,ASP,IDN,43.83766475,74.76065787,-7.056451693,-23.86654136,-30.92299305,,9.696045522,43.44058809,6.5,,53.4327891,80.89282046,-7.762096918,-19.69793438,-27.4600313,,0.705645159,,,10.40169068,53.93561962,9,,58.43218599,91.19896969,-8.67123822,-24.09554548,-32.7667837,,1.61478636,,,,,11.31083188,53.93561962,9,,62.30712248,105.896052,-8.671238234,-34.91769132,-43.58892956,,1.614786376,,,,,11.3108319,53.93561962,9,,61.99250096,116.2173095,-8.671238299,-45.55357026,-54.22480855,,1.614786405,,,,,11.31083193,53.93561962,9,,63.82325379,125.0765858,-8.671238653,-52.58209346,-61.25333211,,1.61478652,,,,,11.31083204,53.93561962,9,,68.15580436,131.8124037,-9.720980859,-53.93561855,-63.6565994,,2.664528544,,,,,12.36057407,53.93561962,9,,71.70483306,135.3614349,-9.720983215,-53.93561872,-63.65660194,,2.664530172,,,,,12.36057569,53.93561962,9,
SDS-Vision,ASP,IND,42.49906287,32.76218623,-0.26171276,9.9985894,9.73687664,54.202,54.97362972,,28.1,,72.69819928,37.81409821,-0.392320769,35.27642181,34.88410104,1.400103083,1.42431628,,55.60210308,56.397946,,51.7,,115.1498024,42.35441498,18.14814345,54.64724399,72.79538744,30.28809947,11.76753485,,4.558347177,,84.49009947,66.74116457,,56.25834718,,161.065578,47.00996898,58.69789094,55.35771801,114.055609,75.36868358,16.43751518,,9.684758616,,129.5706836,71.4111449,,61.38475862,,191.5624432,50.90902694,74.35551192,66.29790436,140.6534163,93.12312489,18.52841606,,18.35451276,,147.3251249,73.50204578,,70.05451276,,239.3458638,54.80761844,99.79997188,84.73827337,184.5382453,122.7974562,22.77519816,,33.7732525,,176.9994562,77.74882788,,85.4732525,,282.2078784,58.76280168,126.0606882,97.38438836,223.4450766,152.6405117,26.34293335,,45.86547392,,206.8425117,81.31656307,,97.56547392,,321.1288704,62.77987158,150.108147,108.2408516,258.3489986,177.7141347,27.41758244,,56.54085165,,231.9161347,82.39121216,,108.2408516,
SDS-Vision,ASP,JPN,128.8821837,2.764890331,,126.128115,126.128115,,,,271.1,10.814,111.357496,2.923310808,3.1526E-09,108.4455898,108.4455898,6.87695E-09,,,6.87695E-09,,,246.075,11.398,94.2873713,3.286018042,6.63921E-09,91.01276264,91.01276265,1.10887E-08,,,,6.80302E-10,1.10887E-08,,,246.075,11.398,94.8573515,3.747648368,1.01011E-08,91.12111251,91.12111252,1.52881E-08,,,,1.51581E-09,1.52881E-08,,,246.075,11.398,80.27466519,4.142962842,1.12355E-08,76.14311172,76.14311173,1.87924E-08,,,,2.58798E-09,1.87924E-08,,,246.075,11.398,60.33051554,4.431301407,1.21572E-08,55.91062347,55.91062348,2.23871E-08,,,,3.77642E-09,2.23871E-08,,,246.075,11.398,38.71832028,4.955215118,1.47599E-08,33.77451448,33.77451449,2.63217E-08,,,,5.23054E-09,2.63217E-08,,,246.075,11.39800001,18.55500837,5.523436001,1.7234E-08,13.0380216,13.03802162,3.0136E-08,,,,7.04906E-09,3.0136E-08,,,246.075,11.39800001
SDS-Vision,ASP,KOR,43.30645361,0.186723657,,43.1258801,43.1258801,,,,152.9,6.144,50.55565443,0.197871903,8.70827E-09,50.36414988,50.36414989,1.33918E-08,,,1.33918E-08,,,163.8,6.361,56.42485951,0.222224174,5.59432E-07,56.20900213,56.20900269,5.91962E-07,,,,8.74869E-10,5.91962E-07,,,163.8,6.361000001,60.52129231,0.253145203,7.32501E-07,60.27451373,60.27451446,7.73035E-07,,,,2.03566E-09,7.73035E-07,,,163.8,6.361000002,60.79518023,0.280019288,8.91133E-07,60.52152739,60.52152829,9.41911E-07,,,,3.71018E-09,9.41911E-07,,,163.8,6.361000004,61.96707472,0.303795025,1.05694E-06,61.66964595,61.669647,1.1182E-06,,,,5.964E-09,1.1182E-06,,,163.8,6.361000006,62.87143644,0.338025855,1.16987E-06,62.53977671,62.53977788,1.2343E-06,,,,8.54275E-09,1.2343E-06,,,163.8,6.361000009,62.7777045,0.363806246,1.22195E-06,62.42026428,62.4202655,1.28737E-06,,,,1.16073E-08,1.28737E-06,,,163.8,6.361000012
SDS-Vision,ASP,MMR,0.802893607,16.77634589,-15.97345228,,-15.97345228,,23.04186573,,,,1.03964247,19.46197183,-18.42232935,,-18.42232935,,8.95558E-09,,,23.04186574,,,,1.167046515,21.69211237,-20.52506586,,-20.52506586,,6.134969333,,,,,29.17683506,,,,1.168933808,24.15746308,-22.98852927,,-22.98852927,,11.21307416,,,,,34.25493988,,,,1.164371962,26.14980327,-24.98543131,,-24.98543131,,12.68411757,,,,,35.7259833,,,,1.174892873,28.10943229,-26.93453941,,-26.93453941,,14.66759499,,,,,37.70946072,,,,1.165212842,30.0690613,-28.90384846,,-28.90384846,,16.63031504,,,,,39.67218077,,,,1.028656099,32.02869031,-31.00003421,,-31.00003421,,18.86844819,,,,,41.91031392,,,
SDS-Vision,ASP,MYS,41.10798371,70.05455481,-1.812688698,-27.1338824,-28.9465711,2.6,1.812688822,33.69995105,5.2,,49.67426998,74.54379674,-1.993957522,-22.87556924,-24.86952676,,0.181268881,,2.6,1.993957702,42.47307881,10,,55.97447472,84.01737072,-8.036253475,-20.00664254,-28.04289602,,6.223564943,,,,2.6,8.036253765,42.47307881,10,,64.00746052,98.51726894,-9.917792213,-24.59201622,-34.50980844,,8.105103805,,,,2.6,9.917792627,42.47307881,10,,64.83136456,109.2929471,-9.917792477,-34.54379013,-44.46158261,,8.105104184,,,,2.6,9.917793006,42.47307881,10,,67.2876435,117.6850264,-10.28309698,-40.11428603,-50.39738301,,8.470408886,,,,2.6,10.28309771,42.47307881,10,,71.98401825,124.180421,-10.2830996,-41.91330324,-52.19640284,4.15011E-09,8.470411801,,,,2.600000004,10.28310062,42.47307881,10,,75.81102045,129.3137995,-11.029701,-42.47307817,-53.50277917,9.44294E-09,9.217013782,,,,2.600000009,11.0297026,42.47307881,10,
SDS-Vision,ASP,NZL,5.123093976,5.123093979,,,,,,,,0.442,5.951766708,5.951766712,,,,,,,,,,,0.442,6.652034774,6.652034779,,,,,,,,5.30092E-10,,,,,0.442000001,7.375156053,7.375156059,,,,,,,,1.20681E-09,,,,,0.442000001,7.749336817,7.749336825,,,,,,,,2.07079E-09,,,,,0.442000002,8.125748476,8.125748486,,,,,,,,3.17373E-09,,,,,0.442000003,8.490788121,8.490788134,,,,,,,,4.58139E-09,,,,,0.442000005,8.852184531,8.852184546,,,,,,,,6.37744E-09,,,,,0.442000006
SDS-Vision,ASP,PAK,40.14038123,40.14038123,,1.11537E-08,1.11537E-08,,,,5.2,,46.20939372,46.20939352,7.92292E-08,1.11036E-07,1.90265E-07,9.13015E-08,,,9.13015E-08,,,13.3,,48.33852435,52.75213468,-4.41361204,1.70037E-06,-4.41361034,7.806349317,12.21996133,,,,7.806349317,12.21996133,,13.3,,50.2146523,58.80690165,-9.342830029,0.750580667,-8.592249363,34.76338804,44.10621809,,,,34.76338804,44.10621809,,13.3,,50.58755521,63.73988753,-14.19824966,1.045917315,-13.15233234,36.327411,50.52566065,,,,36.327411,50.52566065,,13.3,,52.29423509,68.61478159,-19.24686914,2.926322571,-16.32054656,46.23834454,65.48521372,,,,46.23834454,65.48521372,,13.3,,53.30160149,73.48347237,-21.69873934,1.516868387,-20.18187096,56.90794961,78.60668932,,,,56.90794961,78.60668932,,13.3,,52.25681607,78.27245941,-30.91413563,4.898492178,-26.01564346,67.33599095,98.25012666,,,,67.33599095,98.25012666,,13.3,
SDS-Vision,ASP,PHL,3.573234151,3.573234151,,,,,,,,,4.155299508,4.155299385,,1.226E-07,1.226E-07,,,,,,,3.75,,4.647775028,4.647774727,,2.839E-07,2.839E-07,,,,,,,,,3.75,,5.153499086,5.153498755,,3.04163E-07,3.04163E-07,,,,,,,,,3.75,,5.420136529,5.420136159,,3.10212E-07,3.10212E-07,,,,,,,,,3.75,,5.688068528,5.688068093,,3.51467E-07,3.51467E-07,,,,,,,,,3.75,,5.947990335,5.947989827,,3.63667E-07,3.63667E-07,,,,,,,,,3.75,,6.205226329,6.205225797,,3.61563E-07,3.61563E-07,,,,,,,,,3.75,
SDS-Vision,ASP,PNG,0.097228546,0.101759912,,-0.004531366,-0.004531366,,,9.60866373,,,0.118114425,0.118114996,,-5.70436E-07,-5.70436E-07,,,,,,9.60866373,,,0.131480129,0.131481038,,-9.09392E-07,-9.09392E-07,,,,,,,,9.60866373,,,0.145811516,0.145812944,,-1.42785E-06,-1.42785E-06,,,,,,,,9.60866373,,,0.153024773,0.156506804,,-0.003482031,-0.003482031,,,,,,,,9.60866373,,,0.157946651,0.167833964,,-0.009887314,-0.009887314,,,,,,,,9.60866373,,,0.158912597,0.17985862,,-0.020946023,-0.020946023,,,,,,,,9.60866373,,,0.156426395,0.194416895,,-0.0379905,-0.0379905,,,,,,,,9.60866373,,
SDS-Vision,ASP,SGP,10.74701436,,8.799999955,1.947014367,10.74701432,8.8,,,7.8,,13.11156518,,9.67999996,3.431565194,13.11156515,0.879999996,,,9.679999996,,,16,,16.58186844,,16.58186801,4.01539E-07,16.58186841,7.781868058,,,,,16.58186806,,,16,,18.45023637,,18.45023599,3.54162E-07,18.45023635,9.650236164,,,,,18.45023616,,,16,,18.45023678,,18.45023632,4.06119E-07,18.45023672,9.650236568,,,,,18.45023657,,,16,,18.81298461,,18.81298403,4.9841E-07,18.81298453,10.01298425,,,,,18.81298425,,,16,,19.85433149,,19.85433091,4.52325E-07,19.85433136,11.05433123,,,,,19.85433123,,,16,,20.59570903,,20.59570842,4.54255E-07,20.59570888,11.79570861,,,,,20.59570861,,,16,
SDS-Vision,ASP,THA,44.95575466,35.70941555,6.658803319,2.587535783,9.246339102,10.5,,,7.3,,55.41303897,41.45481386,6.557416486,7.400808625,13.95822511,,,,10.5,,,19.6,,61.21699851,46.18720148,3.251367404,11.77842962,15.02979702,,,,,,10.5,,,19.6,,65.10534452,51.34963029,0.240362454,13.51535176,13.75571422,,,,,,10.5,,,19.6,,66.41520559,55.59136097,3.93069E-08,10.82384456,10.8238446,,,,,,10.5,,,19.6,,69.06373876,59.78949769,3.58511E-08,9.274240972,9.274241008,,,,,,10.5,,,19.6,,69.43314424,64.1125896,4.21867E-08,5.320554519,5.320554561,4.38551E-09,,,,,10.5,,,19.6,,69.45083622,68.481036,2.49154E-08,0.969800064,0.969800089,9.98247E-09,,,,,10.50000001,,,19.6,
SDS-Vision,ASP,TWN,13.38669502,,,13.38669502,13.38669502,,,,13.7,,16.42651756,,,16.42651756,16.42651756,,,2.926268822,,,,16.62626882,,18.63337506,,,18.63337505,18.63337505,,,,5.133463785,,,,,18.83346378,,20.11140554,,,20.11140552,20.11140552,,,,6.576728394,,,,,20.27672839,,20.71282959,,,20.71282957,20.71282957,,,,7.041764583,,,,,20.74176458,,20.74176466,,,20.7417646,20.7417646,,,,7.04176463,,,,,20.74176463,,20.74176469,,,20.74176462,20.74176462,,,,7.041764642,,,,,20.74176464,,20.74176472,,,20.7417646,20.7417646,,,,7.041764649,,,,,20.74176465,
SDS-Vision,ASP,VNM,11.4214053,11.4214053,,,,,,,,,13.30304962,13.30304962,,,,,,,,,,,,14.81377093,14.81377072,,1.86573E-07,1.86573E-07,,,,2.00773E-07,,,,,2.00773E-07,,16.43136349,16.43136324,,2.2064E-07,2.2064E-07,,,,2.33537E-07,,,,,2.33537E-07,,17.68956333,17.68956304,,2.3279E-07,2.3279E-07,,,,2.54455E-07,,,,,2.54455E-07,,18.69964239,18.69964204,,2.59213E-07,2.59213E-07,,,,2.84505E-07,,,,,2.84505E-07,,19.67222788,19.67222745,,2.73152E-07,2.73152E-07,,,,3.09471E-07,,,,,3.09471E-07,,20.63424613,20.63424566,,2.82978E-07,2.82978E-07,,,,3.28606E-07,,,,,3.28606E-07,
