scenario_id,model_id,output_key,value_numeric,value_raw,is_numeric,uncertainty_method,mean,std,p05,p25,p50,p75,p95
infrastructure_collapse,fed_oil,shock_type,,supply,false,,,,,,,,
infrastructure_collapse,fed_oil,oil_price_change_pct,48.36,48.36,true,,,,,,,,
infrastructure_collapse,fed_oil,disruption_duration_quarters,5.0,5.0,true,,,,,,,,
infrastructure_collapse,fed_oil,fed_funds_rate_baseline,2.5,2.5,true,,,,,,,,
infrastructure_collapse,fed_oil,peak_gdp_impact_pct,-1.5415,-1.5415,true,,,,,,,,
infrastructure_collapse,fed_oil,peak_cpi_impact_pp,2.0553,2.0553,true,,,,,,,,
infrastructure_collapse,fed_oil,peak_ffr_impact_pp,1.0276,1.0276,true,,,,,,,,
infrastructure_collapse,fed_oil,peak_unemployment_impact_pp,0.7708,0.7708,true,,,,,,,,
infrastructure_collapse,fed_oil,fevd_oil_share,0.35,0.35,true,,,,,,,,
infrastructure_collapse,fed_oil,zlb_binding,,False,false,,,,,,,,
infrastructure_collapse,fed_oil,horizon_quarters,9,9,true,,,,,,,,
infrastructure_collapse,mam,_source_xlsx,,/home/dagolden/agenticAIForScenarioAnalysis/data/eia/AEO2025_Tables_19_20.xlsx,false,,,,,,,,
infrastructure_collapse,mam,_source_sheet,,Reference Case,false,,,,,,,,
infrastructure_collapse,mam,_aeo_year,2025,2025,true,,,,,,,,
infrastructure_collapse,nrel,natural_gas_price_change_pct,126.39090909090909,126.39090909090909,true,,,,,,,,
infrastructure_collapse,nrel,electricity_demand_change_pct,0.0,0.0,true,,,,,,,,
infrastructure_collapse,nrel,disruption_duration_months,5.0,5.0,true,,,,,,,,
infrastructure_collapse,nrel,retail_electricity_price_change_pct,56.876,56.876,true,,,,,,,,
infrastructure_collapse,nrel,retail_passthrough_coefficient,0.5,0.5,true,,,,,,,,
infrastructure_collapse,nrel,generation_share_baseline.natural_gas,0.43,0.43,true,,,,,,,,
infrastructure_collapse,nrel,generation_share_baseline.coal,0.16,0.16,true,,,,,,,,
infrastructure_collapse,nrel,generation_share_baseline.nuclear,0.18,0.18,true,,,,,,,,
infrastructure_collapse,nrel,generation_share_baseline.renewables,0.21,0.21,true,,,,,,,,
infrastructure_collapse,nrel,generation_share_baseline.other,0.02,0.02,true,,,,,,,,
infrastructure_collapse,nrel,generation_share_new.natural_gas,0.2036,0.2036,true,,,,,,,,
infrastructure_collapse,nrel,generation_share_new.coal,0.26,0.26,true,,,,,,,,
infrastructure_collapse,nrel,generation_share_new.nuclear,0.18,0.18,true,,,,,,,,
infrastructure_collapse,nrel,generation_share_new.renewables,0.3364,0.3364,true,,,,,,,,
infrastructure_collapse,nrel,generation_share_new.other,0.02,0.02,true,,,,,,,,
infrastructure_collapse,nrel,generation_dispatch_pct_change.natural_gas,-22.639,-22.639,true,,,,,,,,
infrastructure_collapse,nrel,generation_dispatch_pct_change.coal,10.0,10.0,true,,,,,,,,
infrastructure_collapse,nrel,generation_dispatch_pct_change.renewables,12.639,12.639,true,,,,,,,,
infrastructure_collapse,nrel,generation_dispatch_pct_change.nuclear,0.0,0.0,true,,,,,,,,
infrastructure_collapse,nrel,generation_dispatch_pct_change.other,0.0,0.0,true,,,,,,,,
infrastructure_collapse,nrel,capacity_utilization_pct_change.natural_gas,-8.847,-8.847,true,,,,,,,,
infrastructure_collapse,nrel,capacity_utilization_pct_change.coal,15.167,15.167,true,,,,,,,,
infrastructure_collapse,nrel,capacity_utilization_pct_change.renewables,60.186,60.186,true,,,,,,,,
infrastructure_collapse,nrel,capacity_utilization_pct_change.nuclear,0.0,0.0,true,,,,,,,,
infrastructure_collapse,nrel,capacity_utilization_pct_change.other,0.0,0.0,true,,,,,,,,
infrastructure_collapse,nrel,co2_emissions_pct_change,1.321,1.321,true,,,,,,,,
infrastructure_collapse,nrel,renewables_dispatch_gain_pp,12.639,12.639,true,,,,,,,,
infrastructure_collapse,nrel,coal_dispatch_gain_pp,10.0,10.0,true,,,,,,,,
infrastructure_collapse,nrel,gdp_impact_pct,-0.5196,-0.5196,true,,,,,,,,
infrastructure_collapse,nrel,cpi_inflation_pct,1.2989,1.2989,true,,,,,,,,
infrastructure_collapse,nrel,consumption_impact_pct,-1.0391,-1.0391,true,,,,,,,,
infrastructure_collapse,nrel,welfare_pct_change,-1.0391,-1.0391,true,,,,,,,,
infrastructure_collapse,nrel,_macro_source,,nrel_derived,false,,,,,,,,
infrastructure_collapse,mpsge_jl,oil_price_shock_pct,48.36,48.36,true,,,,,,,,
infrastructure_collapse,mpsge_jl,trade_cost_multiplier,1.1869,1.1869,true,,,,,,,,
infrastructure_collapse,mpsge_jl,commodity_price_shocks.oil,48.36,48.36,true,,,,,,,,
infrastructure_collapse,mpsge_jl,commodity_price_shocks.lng,126.39090909090909,126.39090909090909,true,,,,,,,,
infrastructure_collapse,mpsge_jl,commodity_price_shocks.fertilizer,30.321,30.321,true,,,,,,,,
infrastructure_collapse,mpsge_jl,commodity_price_shocks.helium,0.3,0.3,true,,,,,,,,
infrastructure_collapse,mpsge_jl,commodity_price_shocks.water,9.091,9.091,true,,,,,,,,
infrastructure_collapse,mpsge_jl,commodity_price_shocks.capex,5.607000000000001,5.607000000000001,true,,,,,,,,
infrastructure_collapse,mpsge_jl,disruption_duration_months,5.0,5.0,true,,,,,,,,
infrastructure_collapse,mpsge_jl,gdp_impact_pct,-1.0355,-1.0355,true,,,,,,,,
infrastructure_collapse,mpsge_jl,cpi_inflation_pct,2.6609,2.6609,true,,,,,,,,
infrastructure_collapse,mpsge_jl,consumption_impact_pct,-2.0998,-2.0998,true,,,,,,,,
infrastructure_collapse,mpsge_jl,welfare_pct_change,-2.0998,-2.0998,true,,,,,,,,
infrastructure_collapse,mpsge_jl,wage_impact_pct,1.0788,1.0788,true,,,,,,,,
infrastructure_collapse,mpsge_jl,interest_rate_impact_pct,1.0716,1.0716,true,,,,,,,,
infrastructure_collapse,mpsge_jl,sectoral_output_pct_change.agriculture,-0.1502,-0.1502,true,,,,,,,,
infrastructure_collapse,mpsge_jl,sectoral_output_pct_change.industry,-0.2774,-0.2774,true,,,,,,,,
infrastructure_collapse,mpsge_jl,sectoral_output_pct_change.energy,0.6888,0.6888,true,,,,,,,,
infrastructure_collapse,mpsge_jl,sectoral_output_pct_change.services,-0.8348,-0.8348,true,,,,,,,,
infrastructure_collapse,mpsge_jl,gdp_impact_pct_by_region.US,-0.7945,-0.7945,true,,,,,,,,
infrastructure_collapse,mpsge_jl,gdp_impact_pct_by_region.CHN,-1.4603,-1.4603,true,,,,,,,,
infrastructure_collapse,mpsge_jl,gdp_impact_pct_by_region.IND,-2.0742,-2.0742,true,,,,,,,,
infrastructure_collapse,mpsge_jl,gdp_impact_pct_by_region.EU,-2.1161,-2.1161,true,,,,,,,,
infrastructure_collapse,mpsge_jl,gdp_impact_pct_by_region.MENA_GCC,2.6831,2.6831,true,,,,,,,,
infrastructure_collapse,mpsge_jl,gdp_impact_pct_by_region.MENA_OTHER,0.4588,0.4588,true,,,,,,,,
infrastructure_collapse,mpsge_jl,gdp_impact_pct_by_region.SSA,-1.392,-1.392,true,,,,,,,,
infrastructure_collapse,mpsge_jl,gdp_impact_pct_by_region.LAC,-0.5666,-0.5666,true,,,,,,,,
infrastructure_collapse,mpsge_jl,gdp_impact_pct_by_region.ROW,-1.0165,-1.0165,true,,,,,,,,
infrastructure_collapse,mpsge_jl,cpi_inflation_pct_by_region.US,2.6495,2.6495,true,,,,,,,,
infrastructure_collapse,mpsge_jl,cpi_inflation_pct_by_region.CHN,3.2921,3.2921,true,,,,,,,,
infrastructure_collapse,mpsge_jl,cpi_inflation_pct_by_region.IND,5.2418,5.2418,true,,,,,,,,
infrastructure_collapse,mpsge_jl,cpi_inflation_pct_by_region.EU,5.1048,5.1048,true,,,,,,,,
infrastructure_collapse,mpsge_jl,cpi_inflation_pct_by_region.MENA_GCC,1.1142,1.1142,true,,,,,,,,
infrastructure_collapse,mpsge_jl,cpi_inflation_pct_by_region.MENA_OTHER,3.5917,3.5917,true,,,,,,,,
infrastructure_collapse,mpsge_jl,cpi_inflation_pct_by_region.SSA,4.8405,4.8405,true,,,,,,,,
infrastructure_collapse,mpsge_jl,cpi_inflation_pct_by_region.LAC,2.7865,2.7865,true,,,,,,,,
infrastructure_collapse,mpsge_jl,cpi_inflation_pct_by_region.ROW,2.6495,2.6495,true,,,,,,,,
infrastructure_collapse,mpsge_jl,consumption_impact_pct_by_region.US,-1.8543,-1.8543,true,,,,,,,,
infrastructure_collapse,mpsge_jl,consumption_impact_pct_by_region.CHN,-2.7771,-2.7771,true,,,,,,,,
infrastructure_collapse,mpsge_jl,consumption_impact_pct_by_region.IND,-4.1709,-4.1709,true,,,,,,,,
infrastructure_collapse,mpsge_jl,consumption_impact_pct_by_region.EU,-4.158,-4.158,true,,,,,,,,
infrastructure_collapse,mpsge_jl,consumption_impact_pct_by_region.MENA_GCC,2.2374,2.2374,true,,,,,,,,
infrastructure_collapse,mpsge_jl,consumption_impact_pct_by_region.MENA_OTHER,-0.9779,-0.9779,true,,,,,,,,
infrastructure_collapse,mpsge_jl,consumption_impact_pct_by_region.SSA,-3.3282,-3.3282,true,,,,,,,,
infrastructure_collapse,mpsge_jl,consumption_impact_pct_by_region.LAC,-1.6812,-1.6812,true,,,,,,,,
infrastructure_collapse,mpsge_jl,consumption_impact_pct_by_region.ROW,-2.0763,-2.0763,true,,,,,,,,
infrastructure_collapse,mpsge_jl,welfare_pct_change_by_region.US,-1.8543,-1.8543,true,,,,,,,,
infrastructure_collapse,mpsge_jl,welfare_pct_change_by_region.CHN,-2.7771,-2.7771,true,,,,,,,,
infrastructure_collapse,mpsge_jl,welfare_pct_change_by_region.IND,-4.1709,-4.1709,true,,,,,,,,
infrastructure_collapse,mpsge_jl,welfare_pct_change_by_region.EU,-4.158,-4.158,true,,,,,,,,
infrastructure_collapse,mpsge_jl,welfare_pct_change_by_region.MENA_GCC,2.2374,2.2374,true,,,,,,,,
infrastructure_collapse,mpsge_jl,welfare_pct_change_by_region.MENA_OTHER,-0.9779,-0.9779,true,,,,,,,,
infrastructure_collapse,mpsge_jl,welfare_pct_change_by_region.SSA,-3.3282,-3.3282,true,,,,,,,,
infrastructure_collapse,mpsge_jl,welfare_pct_change_by_region.LAC,-1.6812,-1.6812,true,,,,,,,,
infrastructure_collapse,mpsge_jl,welfare_pct_change_by_region.ROW,-2.0763,-2.0763,true,,,,,,,,
infrastructure_collapse,mpsge_jl,equivalent_variation_pct_by_region.US,-1.8543,-1.8543,true,,,,,,,,
infrastructure_collapse,mpsge_jl,equivalent_variation_pct_by_region.CHN,-2.7771,-2.7771,true,,,,,,,,
infrastructure_collapse,mpsge_jl,equivalent_variation_pct_by_region.IND,-4.1709,-4.1709,true,,,,,,,,
infrastructure_collapse,mpsge_jl,equivalent_variation_pct_by_region.EU,-4.158,-4.158,true,,,,,,,,
infrastructure_collapse,mpsge_jl,equivalent_variation_pct_by_region.MENA_GCC,2.2374,2.2374,true,,,,,,,,
infrastructure_collapse,mpsge_jl,equivalent_variation_pct_by_region.MENA_OTHER,-0.9779,-0.9779,true,,,,,,,,
infrastructure_collapse,mpsge_jl,equivalent_variation_pct_by_region.SSA,-3.3282,-3.3282,true,,,,,,,,
infrastructure_collapse,mpsge_jl,equivalent_variation_pct_by_region.LAC,-1.6812,-1.6812,true,,,,,,,,
infrastructure_collapse,mpsge_jl,equivalent_variation_pct_by_region.ROW,-2.0763,-2.0763,true,,,,,,,,
infrastructure_collapse,mpsge_jl,terms_of_trade_pct_change_by_region.US,-0.0242,-0.0242,true,,,,,,,,
infrastructure_collapse,mpsge_jl,terms_of_trade_pct_change_by_region.CHN,-0.1451,-0.1451,true,,,,,,,,
infrastructure_collapse,mpsge_jl,terms_of_trade_pct_change_by_region.IND,-0.2418,-0.2418,true,,,,,,,,
infrastructure_collapse,mpsge_jl,terms_of_trade_pct_change_by_region.EU,-0.1934,-0.1934,true,,,,,,,,
infrastructure_collapse,mpsge_jl,terms_of_trade_pct_change_by_region.MENA_GCC,0.4352,0.4352,true,,,,,,,,
infrastructure_collapse,mpsge_jl,terms_of_trade_pct_change_by_region.MENA_OTHER,0.1451,0.1451,true,,,,,,,,
infrastructure_collapse,mpsge_jl,terms_of_trade_pct_change_by_region.SSA,-0.1693,-0.1693,true,,,,,,,,
infrastructure_collapse,mpsge_jl,terms_of_trade_pct_change_by_region.LAC,-0.0484,-0.0484,true,,,,,,,,
infrastructure_collapse,mpsge_jl,terms_of_trade_pct_change_by_region.ROW,-0.0484,-0.0484,true,,,,,,,,
prolonged_escalated,fed_oil,shock_type,,supply,false,,,,,,,,
prolonged_escalated,fed_oil,oil_price_change_pct,51.82,51.82,true,,,,,,,,
prolonged_escalated,fed_oil,disruption_duration_quarters,1.75,1.75,true,,,,,,,,
prolonged_escalated,fed_oil,fed_funds_rate_baseline,2.5,2.5,true,,,,,,,,
prolonged_escalated,fed_oil,peak_gdp_impact_pct,-0.8258,-0.8258,true,,,,,,,,
prolonged_escalated,fed_oil,peak_cpi_impact_pp,1.101,1.101,true,,,,,,,,
prolonged_escalated,fed_oil,peak_ffr_impact_pp,0.5505,0.5505,true,,,,,,,,
prolonged_escalated,fed_oil,peak_unemployment_impact_pp,0.4129,0.4129,true,,,,,,,,
prolonged_escalated,fed_oil,fevd_oil_share,0.35,0.35,true,,,,,,,,
prolonged_escalated,fed_oil,zlb_binding,,False,false,,,,,,,,
prolonged_escalated,fed_oil,horizon_quarters,8,8,true,,,,,,,,
infrastructure_collapse,pycge,gdp_impact_pct,-0.8636,-0.8636,true,,,,,,,,
infrastructure_collapse,pycge,gdp_growth_pct,-0.8636,-0.8636,true,,,,,,,,
infrastructure_collapse,pycge,gdp_growth_pct_year1,-0.8636,-0.8636,true,,,,,,,,
infrastructure_collapse,pycge,cpi_inflation_pct,1.7945,1.7945,true,,,,,,,,
infrastructure_collapse,pycge,cpi_inflation_pct_year1,1.7945,1.7945,true,,,,,,,,
infrastructure_collapse,pycge,consumption_impact_pct,-1.5814,-1.5814,true,,,,,,,,
infrastructure_collapse,pycge,welfare_pct_change,-1.5814,-1.5814,true,,,,,,,,
infrastructure_collapse,pycge,wage_impact_pct,0.6449,0.6449,true,,,,,,,,
infrastructure_collapse,pycge,interest_rate_impact_pct,0.6814,0.6814,true,,,,,,,,
infrastructure_collapse,pycge,sectoral_output_pct_change.agriculture,-0.103,-0.103,true,,,,,,,,
infrastructure_collapse,pycge,sectoral_output_pct_change.industry,-0.2122,-0.2122,true,,,,,,,,
infrastructure_collapse,pycge,sectoral_output_pct_change.energy,0.4212,0.4212,true,,,,,,,,
infrastructure_collapse,pycge,sectoral_output_pct_change.services,-0.6885,-0.6885,true,,,,,,,,
infrastructure_collapse,pycge,_inputs.duration_months,5.0,5.0,true,,,,,,,,
infrastructure_collapse,pycge,_inputs.regime,,short_run,false,,,,,,,,
infrastructure_collapse,pycge,_inputs.duration_scaler,0.5138,0.5138,true,,,,,,,,
infrastructure_collapse,pycge,_applied_shocks.oil,48.36,48.36,true,,,,,,,,
infrastructure_collapse,pycge,_applied_shocks.lng,40.0,40.0,true,,,,,,,,
infrastructure_collapse,pycge,_applied_shocks.fertilizer,30.321,30.321,true,,,,,,,,
infrastructure_collapse,pycge,_applied_shocks.helium,0.3,0.3,true,,,,,,,,
infrastructure_collapse,pycge,_duration_months,5.0,5.0,true,,,,,,,,
infrastructure_collapse,pycge,_overrides.p_oil,1.4836,1.4836,true,,,,,,,,
infrastructure_collapse,pycge,_overrides.p_energy,2.0770399999999998,2.0770399999999998,true,,,,,,,,
infrastructure_collapse,pycge,_overrides.p_gas,1.4,1.4,true,,,,,,,,
infrastructure_collapse,pycge,_overrides.p_fert,1.30321,1.30321,true,,,,,,,,
infrastructure_collapse,pycge,_overrides.p_intermediate,1.30321,1.30321,true,,,,,,,,
infrastructure_collapse,pycge,_overrides.p_helium,1.003,1.003,true,,,,,,,,
infrastructure_collapse,pycge,_used_analytical_mvp,,True,false,,,,,,,,
infrastructure_collapse,pycge,_execution_mode,,analytical_mvp,false,,,,,,,,
infrastructure_collapse,pycge,_regional_source,,macro_kernel_derived,false,,,,,,,,
infrastructure_collapse,pycge,_provenance_note,,PyCGE analytical-MVP closed-form macro kernel (literature-calibrated elasticities). Activates when the optional cge_modeling package is missing or its pre-alpha API does not match this adapter's expectations.,false,,,,,,,,
swift_contained,mam,_source_xlsx,,/home/dagolden/agenticAIForScenarioAnalysis/data/eia/AEO2025_Tables_19_20.xlsx,false,,,,,,,,
swift_contained,mam,_source_sheet,,High Oil Price,false,,,,,,,,
swift_contained,mam,_aeo_year,2025,2025,true,,,,,,,,
swift_contained,nrel,natural_gas_price_change_pct,50.92727272727273,50.92727272727273,true,,,,,,,,
swift_contained,nrel,electricity_demand_change_pct,0.0,0.0,true,,,,,,,,
swift_contained,nrel,disruption_duration_months,0.16666666666666666,0.16666666666666666,true,,,,,,,,
swift_contained,nrel,retail_electricity_price_change_pct,22.917,22.917,true,,,,,,,,
swift_contained,nrel,retail_passthrough_coefficient,0.5,0.5,true,,,,,,,,
swift_contained,nrel,generation_share_baseline.natural_gas,0.43,0.43,true,,,,,,,,
swift_contained,nrel,generation_share_baseline.coal,0.16,0.16,true,,,,,,,,
swift_contained,nrel,generation_share_baseline.nuclear,0.18,0.18,true,,,,,,,,
swift_contained,nrel,generation_share_baseline.renewables,0.21,0.21,true,,,,,,,,
swift_contained,nrel,generation_share_baseline.other,0.02,0.02,true,,,,,,,,
swift_contained,nrel,generation_share_new.natural_gas,0.318,0.318,true,,,,,,,,
swift_contained,nrel,generation_share_new.coal,0.2211,0.2211,true,,,,,,,,
swift_contained,nrel,generation_share_new.nuclear,0.18,0.18,true,,,,,,,,
swift_contained,nrel,generation_share_new.renewables,0.2609,0.2609,true,,,,,,,,
swift_contained,nrel,generation_share_new.other,0.02,0.02,true,,,,,,,,
swift_contained,nrel,generation_dispatch_pct_change.natural_gas,-11.204,-11.204,true,,,,,,,,
swift_contained,nrel,generation_dispatch_pct_change.coal,6.111,6.111,true,,,,,,,,
swift_contained,nrel,generation_dispatch_pct_change.renewables,5.093,5.093,true,,,,,,,,
swift_contained,nrel,generation_dispatch_pct_change.nuclear,0.0,0.0,true,,,,,,,,
swift_contained,nrel,generation_dispatch_pct_change.other,0.0,0.0,true,,,,,,,,
swift_contained,nrel,capacity_utilization_pct_change.natural_gas,-3.565,-3.565,true,,,,,,,,
swift_contained,nrel,capacity_utilization_pct_change.coal,6.111,6.111,true,,,,,,,,
swift_contained,nrel,capacity_utilization_pct_change.renewables,24.251,24.251,true,,,,,,,,
swift_contained,nrel,capacity_utilization_pct_change.nuclear,0.0,0.0,true,,,,,,,,
swift_contained,nrel,capacity_utilization_pct_change.other,0.0,0.0,true,,,,,,,,
swift_contained,nrel,co2_emissions_pct_change,3.942,3.942,true,,,,,,,,
swift_contained,nrel,renewables_dispatch_gain_pp,5.093,5.093,true,,,,,,,,
swift_contained,nrel,coal_dispatch_gain_pp,6.111,6.111,true,,,,,,,,
swift_contained,nrel,gdp_impact_pct,-0.0407,-0.0407,true,,,,,,,,
swift_contained,nrel,cpi_inflation_pct,0.5093,0.5093,true,,,,,,,,
swift_contained,nrel,consumption_impact_pct,-0.2445,-0.2445,true,,,,,,,,
swift_contained,nrel,welfare_pct_change,-0.2445,-0.2445,true,,,,,,,,
swift_contained,nrel,_macro_source,,nrel_derived,false,,,,,,,,
swift_contained,mpsge_jl,oil_price_shock_pct,54.79,54.79,true,,,,,,,,
swift_contained,mpsge_jl,trade_cost_multiplier,1.1869,1.1869,true,,,,,,,,
swift_contained,mpsge_jl,commodity_price_shocks.oil,54.79,54.79,true,,,,,,,,
swift_contained,mpsge_jl,commodity_price_shocks.lng,50.92727272727273,50.92727272727273,true,,,,,,,,
swift_contained,mpsge_jl,commodity_price_shocks.fertilizer,0.0,0.0,true,,,,,,,,
swift_contained,mpsge_jl,commodity_price_shocks.helium,0.0,0.0,true,,,,,,,,
swift_contained,mpsge_jl,commodity_price_shocks.capex,5.607000000000001,5.607000000000001,true,,,,,,,,
swift_contained,mpsge_jl,disruption_duration_months,0.16666666666666666,0.16666666666666666,true,,,,,,,,
swift_contained,mpsge_jl,gdp_impact_pct,-0.025,-0.025,true,,,,,,,,
swift_contained,mpsge_jl,cpi_inflation_pct,1.6331,1.6331,true,,,,,,,,
swift_contained,mpsge_jl,consumption_impact_pct,-0.6782,-0.6782,true,,,,,,,,
swift_contained,mpsge_jl,welfare_pct_change,-0.6782,-0.6782,true,,,,,,,,
swift_contained,mpsge_jl,wage_impact_pct,0.9674,0.9674,true,,,,,,,,
swift_contained,mpsge_jl,interest_rate_impact_pct,0.8103,0.8103,true,,,,,,,,
swift_contained,mpsge_jl,sectoral_output_pct_change.agriculture,-0.0028,-0.0028,true,,,,,,,,
swift_contained,mpsge_jl,sectoral_output_pct_change.industry,-0.0063,-0.0063,true,,,,,,,,
swift_contained,mpsge_jl,sectoral_output_pct_change.energy,0.0137,0.0137,true,,,,,,,,
swift_contained,mpsge_jl,sectoral_output_pct_change.services,-0.02,-0.02,true,,,,,,,,
swift_contained,mpsge_jl,gdp_impact_pct_by_region.US,-0.0222,-0.0222,true,,,,,,,,
swift_contained,mpsge_jl,gdp_impact_pct_by_region.CHN,-0.0354,-0.0354,true,,,,,,,,
swift_contained,mpsge_jl,gdp_impact_pct_by_region.IND,-0.0497,-0.0497,true,,,,,,,,
swift_contained,mpsge_jl,gdp_impact_pct_by_region.EU,-0.0458,-0.0458,true,,,,,,,,
swift_contained,mpsge_jl,gdp_impact_pct_by_region.MENA_GCC,0.0832,0.0832,true,,,,,,,,
swift_contained,mpsge_jl,gdp_impact_pct_by_region.MENA_OTHER,0.0215,0.0215,true,,,,,,,,
swift_contained,mpsge_jl,gdp_impact_pct_by_region.SSA,-0.0374,-0.0374,true,,,,,,,,
swift_contained,mpsge_jl,gdp_impact_pct_by_region.LAC,-0.0127,-0.0127,true,,,,,,,,
swift_contained,mpsge_jl,gdp_impact_pct_by_region.ROW,-0.025,-0.025,true,,,,,,,,
swift_contained,mpsge_jl,cpi_inflation_pct_by_region.US,1.6331,1.6331,true,,,,,,,,
swift_contained,mpsge_jl,cpi_inflation_pct_by_region.CHN,1.9541,1.9541,true,,,,,,,,
swift_contained,mpsge_jl,cpi_inflation_pct_by_region.IND,3.1363,3.1363,true,,,,,,,,
swift_contained,mpsge_jl,cpi_inflation_pct_by_region.EU,2.9449,2.9449,true,,,,,,,,
swift_contained,mpsge_jl,cpi_inflation_pct_by_region.MENA_GCC,0.5096,0.5096,true,,,,,,,,
swift_contained,mpsge_jl,cpi_inflation_pct_by_region.MENA_OTHER,2.181,2.181,true,,,,,,,,
swift_contained,mpsge_jl,cpi_inflation_pct_by_region.SSA,3.175,3.175,true,,,,,,,,
swift_contained,mpsge_jl,cpi_inflation_pct_by_region.LAC,1.7504,1.7504,true,,,,,,,,
swift_contained,mpsge_jl,cpi_inflation_pct_by_region.ROW,1.6331,1.6331,true,,,,,,,,
swift_contained,mpsge_jl,consumption_impact_pct_by_region.US,-0.6754,-0.6754,true,,,,,,,,
swift_contained,mpsge_jl,consumption_impact_pct_by_region.CHN,-0.8171,-0.8171,true,,,,,,,,
swift_contained,mpsge_jl,consumption_impact_pct_by_region.IND,-1.3042,-1.3042,true,,,,,,,,
swift_contained,mpsge_jl,consumption_impact_pct_by_region.EU,-1.2238,-1.2238,true,,,,,,,,
swift_contained,mpsge_jl,consumption_impact_pct_by_region.MENA_GCC,-0.1206,-0.1206,true,,,,,,,,
swift_contained,mpsge_jl,consumption_impact_pct_by_region.MENA_OTHER,-0.8509,-0.8509,true,,,,,,,,
swift_contained,mpsge_jl,consumption_impact_pct_by_region.SSA,-1.3074,-1.3074,true,,,,,,,,
swift_contained,mpsge_jl,consumption_impact_pct_by_region.LAC,-0.7128,-0.7128,true,,,,,,,,
swift_contained,mpsge_jl,consumption_impact_pct_by_region.ROW,-0.6782,-0.6782,true,,,,,,,,
swift_contained,mpsge_jl,welfare_pct_change_by_region.US,-0.6754,-0.6754,true,,,,,,,,
swift_contained,mpsge_jl,welfare_pct_change_by_region.CHN,-0.8171,-0.8171,true,,,,,,,,
swift_contained,mpsge_jl,welfare_pct_change_by_region.IND,-1.3042,-1.3042,true,,,,,,,,
swift_contained,mpsge_jl,welfare_pct_change_by_region.EU,-1.2238,-1.2238,true,,,,,,,,
swift_contained,mpsge_jl,welfare_pct_change_by_region.MENA_GCC,-0.1206,-0.1206,true,,,,,,,,
swift_contained,mpsge_jl,welfare_pct_change_by_region.MENA_OTHER,-0.8509,-0.8509,true,,,,,,,,
swift_contained,mpsge_jl,welfare_pct_change_by_region.SSA,-1.3074,-1.3074,true,,,,,,,,
swift_contained,mpsge_jl,welfare_pct_change_by_region.LAC,-0.7128,-0.7128,true,,,,,,,,
swift_contained,mpsge_jl,welfare_pct_change_by_region.ROW,-0.6782,-0.6782,true,,,,,,,,
swift_contained,mpsge_jl,equivalent_variation_pct_by_region.US,-0.6754,-0.6754,true,,,,,,,,
swift_contained,mpsge_jl,equivalent_variation_pct_by_region.CHN,-0.8171,-0.8171,true,,,,,,,,
swift_contained,mpsge_jl,equivalent_variation_pct_by_region.IND,-1.3042,-1.3042,true,,,,,,,,
swift_contained,mpsge_jl,equivalent_variation_pct_by_region.EU,-1.2238,-1.2238,true,,,,,,,,
swift_contained,mpsge_jl,equivalent_variation_pct_by_region.MENA_GCC,-0.1206,-0.1206,true,,,,,,,,
swift_contained,mpsge_jl,equivalent_variation_pct_by_region.MENA_OTHER,-0.8509,-0.8509,true,,,,,,,,
swift_contained,mpsge_jl,equivalent_variation_pct_by_region.SSA,-1.3074,-1.3074,true,,,,,,,,
swift_contained,mpsge_jl,equivalent_variation_pct_by_region.LAC,-0.7128,-0.7128,true,,,,,,,,
swift_contained,mpsge_jl,equivalent_variation_pct_by_region.ROW,-0.6782,-0.6782,true,,,,,,,,
swift_contained,mpsge_jl,terms_of_trade_pct_change_by_region.US,-0.0274,-0.0274,true,,,,,,,,
swift_contained,mpsge_jl,terms_of_trade_pct_change_by_region.CHN,-0.1644,-0.1644,true,,,,,,,,
swift_contained,mpsge_jl,terms_of_trade_pct_change_by_region.IND,-0.274,-0.274,true,,,,,,,,
swift_contained,mpsge_jl,terms_of_trade_pct_change_by_region.EU,-0.2192,-0.2192,true,,,,,,,,
swift_contained,mpsge_jl,terms_of_trade_pct_change_by_region.MENA_GCC,0.4931,0.4931,true,,,,,,,,
swift_contained,mpsge_jl,terms_of_trade_pct_change_by_region.MENA_OTHER,0.1644,0.1644,true,,,,,,,,
swift_contained,mpsge_jl,terms_of_trade_pct_change_by_region.SSA,-0.1918,-0.1918,true,,,,,,,,
swift_contained,mpsge_jl,terms_of_trade_pct_change_by_region.LAC,-0.0548,-0.0548,true,,,,,,,,
swift_contained,mpsge_jl,terms_of_trade_pct_change_by_region.ROW,-0.0548,-0.0548,true,,,,,,,,
swift_contained,pycge,gdp_impact_pct,-0.157,-0.157,true,,,,,,,,
swift_contained,pycge,gdp_growth_pct,-0.157,-0.157,true,,,,,,,,
swift_contained,pycge,gdp_growth_pct_year1,-0.157,-0.157,true,,,,,,,,
swift_contained,pycge,cpi_inflation_pct,1.3458,1.3458,true,,,,,,,,
swift_contained,pycge,cpi_inflation_pct_year1,1.3458,1.3458,true,,,,,,,,
swift_contained,pycge,consumption_impact_pct,-0.6953,-0.6953,true,,,,,,,,
swift_contained,pycge,welfare_pct_change,-0.6953,-0.6953,true,,,,,,,,
swift_contained,pycge,wage_impact_pct,0.729,0.729,true,,,,,,,,
swift_contained,pycge,interest_rate_impact_pct,0.6337,0.6337,true,,,,,,,,
swift_contained,pycge,sectoral_output_pct_change.agriculture,-0.0157,-0.0157,true,,,,,,,,
swift_contained,pycge,sectoral_output_pct_change.industry,-0.0382,-0.0382,true,,,,,,,,
swift_contained,pycge,sectoral_output_pct_change.energy,0.0738,0.0738,true,,,,,,,,
swift_contained,pycge,sectoral_output_pct_change.services,-0.125,-0.125,true,,,,,,,,
swift_contained,pycge,_inputs.duration_months,0.4166666666666667,0.4166666666666667,true,,,,,,,,
swift_contained,pycge,_inputs.regime,,short_run,false,,,,,,,,
swift_contained,pycge,_inputs.duration_scaler,0.1,0.1,true,,,,,,,,
swift_contained,pycge,_applied_shocks.oil,54.79,54.79,true,,,,,,,,
swift_contained,pycge,_applied_shocks.lng,25.0,25.0,true,,,,,,,,
swift_contained,pycge,_applied_shocks.fertilizer,0.0,0.0,true,,,,,,,,
swift_contained,pycge,_applied_shocks.helium,0.0,0.0,true,,,,,,,,
swift_contained,pycge,_duration_months,0.4166666666666667,0.4166666666666667,true,,,,,,,,
swift_contained,pycge,_overrides.p_oil,1.5478999999999998,1.5478999999999998,true,,,,,,,,
swift_contained,pycge,_overrides.p_energy,1.934875,1.934875,true,,,,,,,,
swift_contained,pycge,_overrides.p_gas,1.25,1.25,true,,,,,,,,
swift_contained,pycge,_overrides.p_fert,1.0,1.0,true,,,,,,,,
swift_contained,pycge,_overrides.p_intermediate,1.0,1.0,true,,,,,,,,
swift_contained,pycge,_overrides.p_helium,1.0,1.0,true,,,,,,,,
swift_contained,pycge,_used_analytical_mvp,,True,false,,,,,,,,
swift_contained,pycge,_execution_mode,,analytical_mvp,false,,,,,,,,
swift_contained,pycge,_regional_source,,macro_kernel_derived,false,,,,,,,,
swift_contained,pycge,_provenance_note,,PyCGE analytical-MVP closed-form macro kernel (literature-calibrated elasticities). Activates when the optional cge_modeling package is missing or its pre-alpha API does not match this adapter's expectations.,false,,,,,,,,
prolonged_contained,fed_oil,shock_type,,supply,false,,,,,,,,
prolonged_contained,fed_oil,oil_price_change_pct,60.5,60.5,true,,,,,,,,
prolonged_contained,fed_oil,disruption_duration_quarters,1.0,1.0,true,,,,,,,,
prolonged_contained,fed_oil,fed_funds_rate_baseline,2.5,2.5,true,,,,,,,,
prolonged_contained,fed_oil,peak_gdp_impact_pct,-0.6806,-0.6806,true,,,,,,,,
prolonged_contained,fed_oil,peak_cpi_impact_pp,1.21,1.21,true,,,,,,,,
prolonged_contained,fed_oil,peak_ffr_impact_pp,0.605,0.605,true,,,,,,,,
prolonged_contained,fed_oil,peak_unemployment_impact_pp,0.3403,0.3403,true,,,,,,,,
prolonged_contained,fed_oil,fevd_oil_share,0.35,0.35,true,,,,,,,,
prolonged_contained,fed_oil,zlb_binding,,False,false,,,,,,,,
prolonged_contained,fed_oil,horizon_quarters,8,8,true,,,,,,,,
prolonged_contained,mam,_source_xlsx,,/home/dagolden/agenticAIForScenarioAnalysis/data/eia/AEO2025_Tables_19_20.xlsx,false,,,,,,,,
prolonged_contained,mam,_source_sheet,,High Oil Price,false,,,,,,,,
prolonged_contained,mam,_aeo_year,2025,2025,true,,,,,,,,
prolonged_contained,nrel,natural_gas_price_change_pct,126.39090909090909,126.39090909090909,true,,,,,,,,
prolonged_contained,nrel,electricity_demand_change_pct,0.0,0.0,true,,,,,,,,
prolonged_contained,nrel,disruption_duration_months,4.0,4.0,true,,,,,,,,
prolonged_contained,nrel,retail_electricity_price_change_pct,56.876,56.876,true,,,,,,,,
prolonged_contained,nrel,retail_passthrough_coefficient,0.5,0.5,true,,,,,,,,
prolonged_contained,nrel,generation_share_baseline.natural_gas,0.43,0.43,true,,,,,,,,
prolonged_contained,nrel,generation_share_baseline.coal,0.16,0.16,true,,,,,,,,
prolonged_contained,nrel,generation_share_baseline.nuclear,0.18,0.18,true,,,,,,,,
prolonged_contained,nrel,generation_share_baseline.renewables,0.21,0.21,true,,,,,,,,
prolonged_contained,nrel,generation_share_baseline.other,0.02,0.02,true,,,,,,,,
prolonged_contained,nrel,generation_share_new.natural_gas,0.2036,0.2036,true,,,,,,,,
prolonged_contained,nrel,generation_share_new.coal,0.26,0.26,true,,,,,,,,
prolonged_contained,nrel,generation_share_new.nuclear,0.18,0.18,true,,,,,,,,
prolonged_contained,nrel,generation_share_new.renewables,0.3364,0.3364,true,,,,,,,,
prolonged_contained,nrel,generation_share_new.other,0.02,0.02,true,,,,,,,,
prolonged_contained,nrel,generation_dispatch_pct_change.natural_gas,-22.639,-22.639,true,,,,,,,,
prolonged_contained,nrel,generation_dispatch_pct_change.coal,10.0,10.0,true,,,,,,,,
prolonged_contained,nrel,generation_dispatch_pct_change.renewables,12.639,12.639,true,,,,,,,,
prolonged_contained,nrel,generation_dispatch_pct_change.nuclear,0.0,0.0,true,,,,,,,,
prolonged_contained,nrel,generation_dispatch_pct_change.other,0.0,0.0,true,,,,,,,,
prolonged_contained,nrel,capacity_utilization_pct_change.natural_gas,-8.847,-8.847,true,,,,,,,,
prolonged_contained,nrel,capacity_utilization_pct_change.coal,15.167,15.167,true,,,,,,,,
prolonged_contained,nrel,capacity_utilization_pct_change.renewables,60.186,60.186,true,,,,,,,,
prolonged_contained,nrel,capacity_utilization_pct_change.nuclear,0.0,0.0,true,,,,,,,,
prolonged_contained,nrel,capacity_utilization_pct_change.other,0.0,0.0,true,,,,,,,,
prolonged_contained,nrel,co2_emissions_pct_change,1.321,1.321,true,,,,,,,,
prolonged_contained,nrel,renewables_dispatch_gain_pp,12.639,12.639,true,,,,,,,,
prolonged_contained,nrel,coal_dispatch_gain_pp,10.0,10.0,true,,,,,,,,
prolonged_contained,nrel,gdp_impact_pct,-0.4494,-0.4494,true,,,,,,,,
prolonged_contained,nrel,cpi_inflation_pct,1.2639,1.2639,true,,,,,,,,
prolonged_contained,nrel,consumption_impact_pct,-0.9549,-0.9549,true,,,,,,,,
prolonged_contained,nrel,welfare_pct_change,-0.9549,-0.9549,true,,,,,,,,
prolonged_contained,nrel,_macro_source,,nrel_derived,false,,,,,,,,
prolonged_contained,mpsge_jl,oil_price_shock_pct,60.5,60.5,true,,,,,,,,
prolonged_contained,mpsge_jl,trade_cost_multiplier,1.1869,1.1869,true,,,,,,,,
prolonged_contained,mpsge_jl,commodity_price_shocks.oil,60.5,60.5,true,,,,,,,,
prolonged_contained,mpsge_jl,commodity_price_shocks.lng,126.39090909090909,126.39090909090909,true,,,,,,,,
prolonged_contained,mpsge_jl,commodity_price_shocks.fertilizer,23.756,23.756,true,,,,,,,,
prolonged_contained,mpsge_jl,commodity_price_shocks.helium,0.0,0.0,true,,,,,,,,
prolonged_contained,mpsge_jl,commodity_price_shocks.capex,5.607000000000001,5.607000000000001,true,,,,,,,,
prolonged_contained,mpsge_jl,disruption_duration_months,4.0,4.0,true,,,,,,,,
prolonged_contained,mpsge_jl,gdp_impact_pct,-0.8883,-0.8883,true,,,,,,,,
prolonged_contained,mpsge_jl,cpi_inflation_pct,2.7989,2.7989,true,,,,,,,,
prolonged_contained,mpsge_jl,consumption_impact_pct,-2.0078,-2.0078,true,,,,,,,,
prolonged_contained,mpsge_jl,welfare_pct_change,-2.0078,-2.0078,true,,,,,,,,
prolonged_contained,mpsge_jl,wage_impact_pct,1.2352,1.2352,true,,,,,,,,
prolonged_contained,mpsge_jl,interest_rate_impact_pct,1.1774,1.1774,true,,,,,,,,
prolonged_contained,mpsge_jl,sectoral_output_pct_change.agriculture,-0.1259,-0.1259,true,,,,,,,,
prolonged_contained,mpsge_jl,sectoral_output_pct_change.industry,-0.2378,-0.2378,true,,,,,,,,
prolonged_contained,mpsge_jl,sectoral_output_pct_change.energy,0.5892,0.5892,true,,,,,,,,
prolonged_contained,mpsge_jl,sectoral_output_pct_change.services,-0.716,-0.716,true,,,,,,,,
prolonged_contained,mpsge_jl,gdp_impact_pct_by_region.US,-0.7198,-0.7198,true,,,,,,,,
prolonged_contained,mpsge_jl,gdp_impact_pct_by_region.CHN,-1.2783,-1.2783,true,,,,,,,,
prolonged_contained,mpsge_jl,gdp_impact_pct_by_region.IND,-1.7889,-1.7889,true,,,,,,,,
prolonged_contained,mpsge_jl,gdp_impact_pct_by_region.EU,-1.8224,-1.8224,true,,,,,,,,
prolonged_contained,mpsge_jl,gdp_impact_pct_by_region.MENA_GCC,2.7484,2.7484,true,,,,,,,,
prolonged_contained,mpsge_jl,gdp_impact_pct_by_region.MENA_OTHER,0.6058,0.6058,true,,,,,,,,
prolonged_contained,mpsge_jl,gdp_impact_pct_by_region.SSA,-1.2023,-1.2023,true,,,,,,,,
prolonged_contained,mpsge_jl,gdp_impact_pct_by_region.LAC,-0.4756,-0.4756,true,,,,,,,,
prolonged_contained,mpsge_jl,gdp_impact_pct_by_region.ROW,-0.8883,-0.8883,true,,,,,,,,
prolonged_contained,mpsge_jl,cpi_inflation_pct_by_region.US,2.7989,2.7989,true,,,,,,,,
prolonged_contained,mpsge_jl,cpi_inflation_pct_by_region.CHN,3.4422,3.4422,true,,,,,,,,
prolonged_contained,mpsge_jl,cpi_inflation_pct_by_region.IND,5.4654,5.4654,true,,,,,,,,
prolonged_contained,mpsge_jl,cpi_inflation_pct_by_region.EU,5.3591,5.3591,true,,,,,,,,
prolonged_contained,mpsge_jl,cpi_inflation_pct_by_region.MENA_GCC,1.0078,1.0078,true,,,,,,,,
prolonged_contained,mpsge_jl,cpi_inflation_pct_by_region.MENA_OTHER,3.7008,3.7008,true,,,,,,,,
prolonged_contained,mpsge_jl,cpi_inflation_pct_by_region.SSA,5.1035,5.1035,true,,,,,,,,
prolonged_contained,mpsge_jl,cpi_inflation_pct_by_region.LAC,2.9366,2.9366,true,,,,,,,,
prolonged_contained,mpsge_jl,cpi_inflation_pct_by_region.ROW,2.7989,2.7989,true,,,,,,,,
prolonged_contained,mpsge_jl,consumption_impact_pct_by_region.US,-1.8393,-1.8393,true,,,,,,,,
prolonged_contained,mpsge_jl,consumption_impact_pct_by_region.CHN,-2.6551,-2.6551,true,,,,,,,,
prolonged_contained,mpsge_jl,consumption_impact_pct_by_region.IND,-3.9751,-3.9751,true,,,,,,,,
prolonged_contained,mpsge_jl,consumption_impact_pct_by_region.EU,-3.966,-3.966,true,,,,,,,,
prolonged_contained,mpsge_jl,consumption_impact_pct_by_region.MENA_GCC,2.3453,2.3453,true,,,,,,,,
prolonged_contained,mpsge_jl,consumption_impact_pct_by_region.MENA_OTHER,-0.8745,-0.8745,true,,,,,,,,
prolonged_contained,mpsge_jl,consumption_impact_pct_by_region.SSA,-3.2437,-3.2437,true,,,,,,,,
prolonged_contained,mpsge_jl,consumption_impact_pct_by_region.LAC,-1.6502,-1.6502,true,,,,,,,,
prolonged_contained,mpsge_jl,consumption_impact_pct_by_region.ROW,-2.0078,-2.0078,true,,,,,,,,
prolonged_contained,mpsge_jl,welfare_pct_change_by_region.US,-1.8393,-1.8393,true,,,,,,,,
prolonged_contained,mpsge_jl,welfare_pct_change_by_region.CHN,-2.6551,-2.6551,true,,,,,,,,
prolonged_contained,mpsge_jl,welfare_pct_change_by_region.IND,-3.9751,-3.9751,true,,,,,,,,
prolonged_contained,mpsge_jl,welfare_pct_change_by_region.EU,-3.966,-3.966,true,,,,,,,,
prolonged_contained,mpsge_jl,welfare_pct_change_by_region.MENA_GCC,2.3453,2.3453,true,,,,,,,,
prolonged_contained,mpsge_jl,welfare_pct_change_by_region.MENA_OTHER,-0.8745,-0.8745,true,,,,,,,,
prolonged_contained,mpsge_jl,welfare_pct_change_by_region.SSA,-3.2437,-3.2437,true,,,,,,,,
prolonged_contained,mpsge_jl,welfare_pct_change_by_region.LAC,-1.6502,-1.6502,true,,,,,,,,
prolonged_contained,mpsge_jl,welfare_pct_change_by_region.ROW,-2.0078,-2.0078,true,,,,,,,,
prolonged_contained,mpsge_jl,equivalent_variation_pct_by_region.US,-1.8393,-1.8393,true,,,,,,,,
prolonged_contained,mpsge_jl,equivalent_variation_pct_by_region.CHN,-2.6551,-2.6551,true,,,,,,,,
prolonged_contained,mpsge_jl,equivalent_variation_pct_by_region.IND,-3.9751,-3.9751,true,,,,,,,,
prolonged_contained,mpsge_jl,equivalent_variation_pct_by_region.EU,-3.966,-3.966,true,,,,,,,,
prolonged_contained,mpsge_jl,equivalent_variation_pct_by_region.MENA_GCC,2.3453,2.3453,true,,,,,,,,
prolonged_contained,mpsge_jl,equivalent_variation_pct_by_region.MENA_OTHER,-0.8745,-0.8745,true,,,,,,,,
prolonged_contained,mpsge_jl,equivalent_variation_pct_by_region.SSA,-3.2437,-3.2437,true,,,,,,,,
prolonged_contained,mpsge_jl,equivalent_variation_pct_by_region.LAC,-1.6502,-1.6502,true,,,,,,,,
prolonged_contained,mpsge_jl,equivalent_variation_pct_by_region.ROW,-2.0078,-2.0078,true,,,,,,,,
prolonged_contained,mpsge_jl,terms_of_trade_pct_change_by_region.US,-0.0302,-0.0302,true,,,,,,,,
prolonged_contained,mpsge_jl,terms_of_trade_pct_change_by_region.CHN,-0.1815,-0.1815,true,,,,,,,,
prolonged_contained,mpsge_jl,terms_of_trade_pct_change_by_region.IND,-0.3025,-0.3025,true,,,,,,,,
prolonged_contained,mpsge_jl,terms_of_trade_pct_change_by_region.EU,-0.242,-0.242,true,,,,,,,,
prolonged_contained,mpsge_jl,terms_of_trade_pct_change_by_region.MENA_GCC,0.5445,0.5445,true,,,,,,,,
prolonged_contained,mpsge_jl,terms_of_trade_pct_change_by_region.MENA_OTHER,0.1815,0.1815,true,,,,,,,,
prolonged_contained,mpsge_jl,terms_of_trade_pct_change_by_region.SSA,-0.2117,-0.2117,true,,,,,,,,
prolonged_contained,mpsge_jl,terms_of_trade_pct_change_by_region.LAC,-0.0605,-0.0605,true,,,,,,,,
prolonged_contained,mpsge_jl,terms_of_trade_pct_change_by_region.ROW,-0.0605,-0.0605,true,,,,,,,,
prolonged_contained,pycge,gdp_impact_pct,-0.8139,-0.8139,true,,,,,,,,
prolonged_contained,pycge,gdp_growth_pct,-0.8139,-0.8139,true,,,,,,,,
prolonged_contained,pycge,gdp_growth_pct_year1,-0.8139,-0.8139,true,,,,,,,,
prolonged_contained,pycge,cpi_inflation_pct,1.757,1.757,true,,,,,,,,
prolonged_contained,pycge,cpi_inflation_pct_year1,1.757,1.757,true,,,,,,,,
prolonged_contained,pycge,consumption_impact_pct,-1.5166,-1.5166,true,,,,,,,,
prolonged_contained,pycge,welfare_pct_change,-1.5166,-1.5166,true,,,,,,,,
prolonged_contained,pycge,wage_impact_pct,0.6472,0.6472,true,,,,,,,,
prolonged_contained,pycge,interest_rate_impact_pct,0.675,0.675,true,,,,,,,,
prolonged_contained,pycge,sectoral_output_pct_change.agriculture,-0.085,-0.085,true,,,,,,,,
prolonged_contained,pycge,sectoral_output_pct_change.industry,-0.194,-0.194,true,,,,,,,,
prolonged_contained,pycge,sectoral_output_pct_change.energy,0.349,0.349,true,,,,,,,,
prolonged_contained,pycge,sectoral_output_pct_change.services,-0.6465,-0.6465,true,,,,,,,,
prolonged_contained,pycge,_inputs.duration_months,4.0,4.0,true,,,,,,,,
prolonged_contained,pycge,_inputs.regime,,short_run,false,,,,,,,,
prolonged_contained,pycge,_inputs.duration_scaler,0.4444,0.4444,true,,,,,,,,
prolonged_contained,pycge,_applied_shocks.oil,60.5,60.5,true,,,,,,,,
prolonged_contained,pycge,_applied_shocks.lng,25.0,25.0,true,,,,,,,,
prolonged_contained,pycge,_applied_shocks.fertilizer,23.756,23.756,true,,,,,,,,
prolonged_contained,pycge,_applied_shocks.helium,0.0,0.0,true,,,,,,,,
prolonged_contained,pycge,_duration_months,4.0,4.0,true,,,,,,,,
prolonged_contained,pycge,_overrides.p_oil,1.605,1.605,true,,,,,,,,
prolonged_contained,pycge,_overrides.p_energy,2.00625,2.00625,true,,,,,,,,
prolonged_contained,pycge,_overrides.p_gas,1.25,1.25,true,,,,,,,,
prolonged_contained,pycge,_overrides.p_fert,1.23756,1.23756,true,,,,,,,,
prolonged_contained,pycge,_overrides.p_intermediate,1.23756,1.23756,true,,,,,,,,
prolonged_contained,pycge,_overrides.p_helium,1.0,1.0,true,,,,,,,,
prolonged_contained,pycge,_used_analytical_mvp,,True,false,,,,,,,,
prolonged_contained,pycge,_execution_mode,,analytical_mvp,false,,,,,,,,
prolonged_contained,pycge,_regional_source,,macro_kernel_derived,false,,,,,,,,
prolonged_contained,pycge,_provenance_note,,PyCGE analytical-MVP closed-form macro kernel (literature-calibrated elasticities). Activates when the optional cge_modeling package is missing or its pre-alpha API does not match this adapter's expectations.,false,,,,,,,,
swift_contained,fed_oil,shock_type,,supply,false,,,,,,,,
swift_contained,fed_oil,oil_price_change_pct,54.79,54.79,true,,,,,,,,
swift_contained,fed_oil,disruption_duration_quarters,1.0,1.0,true,,,,,,,,
swift_contained,fed_oil,fed_funds_rate_baseline,2.5,2.5,true,,,,,,,,
swift_contained,fed_oil,peak_gdp_impact_pct,-0.6164,-0.6164,true,,,,,,,,
swift_contained,fed_oil,peak_cpi_impact_pp,1.0958,1.0958,true,,,,,,,,
swift_contained,fed_oil,peak_ffr_impact_pp,0.5479,0.5479,true,,,,,,,,
swift_contained,fed_oil,peak_unemployment_impact_pp,0.3082,0.3082,true,,,,,,,,
swift_contained,fed_oil,fevd_oil_share,0.35,0.35,true,,,,,,,,
swift_contained,fed_oil,zlb_binding,,False,false,,,,,,,,
swift_contained,fed_oil,horizon_quarters,8,8,true,,,,,,,,
prolonged_escalated,mam,_source_xlsx,,/home/dagolden/agenticAIForScenarioAnalysis/data/eia/AEO2025_Tables_19_20.xlsx,false,,,,,,,,
prolonged_escalated,mam,_source_sheet,,High Oil Price,false,,,,,,,,
prolonged_escalated,mam,_aeo_year,2025,2025,true,,,,,,,,
swift_escalated,fed_oil,shock_type,,supply,false,,,,,,,,
swift_escalated,fed_oil,oil_price_change_pct,58.25,58.25,true,,,,,,,,
swift_escalated,fed_oil,disruption_duration_quarters,1.0,1.0,true,,,,,,,,
swift_escalated,fed_oil,fed_funds_rate_baseline,2.5,2.5,true,,,,,,,,
swift_escalated,fed_oil,peak_gdp_impact_pct,-0.6553,-0.6553,true,,,,,,,,
swift_escalated,fed_oil,peak_cpi_impact_pp,1.165,1.165,true,,,,,,,,
swift_escalated,fed_oil,peak_ffr_impact_pp,0.5825,0.5825,true,,,,,,,,
swift_escalated,fed_oil,peak_unemployment_impact_pp,0.3277,0.3277,true,,,,,,,,
swift_escalated,fed_oil,fevd_oil_share,0.35,0.35,true,,,,,,,,
swift_escalated,fed_oil,zlb_binding,,False,false,,,,,,,,
swift_escalated,fed_oil,horizon_quarters,8,8,true,,,,,,,,
swift_escalated,mam,_source_xlsx,,/home/dagolden/agenticAIForScenarioAnalysis/data/eia/AEO2025_Tables_19_20.xlsx,false,,,,,,,,
swift_escalated,mam,_source_sheet,,High Oil Price,false,,,,,,,,
swift_escalated,mam,_aeo_year,2025,2025,true,,,,,,,,
swift_escalated,nrel,natural_gas_price_change_pct,126.39090909090909,126.39090909090909,true,,,,,,,,
swift_escalated,nrel,electricity_demand_change_pct,0.0,0.0,true,,,,,,,,
swift_escalated,nrel,disruption_duration_months,4.0,4.0,true,,,,,,,,
swift_escalated,nrel,retail_electricity_price_change_pct,56.876,56.876,true,,,,,,,,
swift_escalated,nrel,retail_passthrough_coefficient,0.5,0.5,true,,,,,,,,
swift_escalated,nrel,generation_share_baseline.natural_gas,0.43,0.43,true,,,,,,,,
swift_escalated,nrel,generation_share_baseline.coal,0.16,0.16,true,,,,,,,,
swift_escalated,nrel,generation_share_baseline.nuclear,0.18,0.18,true,,,,,,,,
swift_escalated,nrel,generation_share_baseline.renewables,0.21,0.21,true,,,,,,,,
swift_escalated,nrel,generation_share_baseline.other,0.02,0.02,true,,,,,,,,
swift_escalated,nrel,generation_share_new.natural_gas,0.2036,0.2036,true,,,,,,,,
swift_escalated,nrel,generation_share_new.coal,0.26,0.26,true,,,,,,,,
swift_escalated,nrel,generation_share_new.nuclear,0.18,0.18,true,,,,,,,,
swift_escalated,nrel,generation_share_new.renewables,0.3364,0.3364,true,,,,,,,,
swift_escalated,nrel,generation_share_new.other,0.02,0.02,true,,,,,,,,
swift_escalated,nrel,generation_dispatch_pct_change.natural_gas,-22.639,-22.639,true,,,,,,,,
swift_escalated,nrel,generation_dispatch_pct_change.coal,10.0,10.0,true,,,,,,,,
swift_escalated,nrel,generation_dispatch_pct_change.renewables,12.639,12.639,true,,,,,,,,
swift_escalated,nrel,generation_dispatch_pct_change.nuclear,0.0,0.0,true,,,,,,,,
swift_escalated,nrel,generation_dispatch_pct_change.other,0.0,0.0,true,,,,,,,,
swift_escalated,nrel,capacity_utilization_pct_change.natural_gas,-8.847,-8.847,true,,,,,,,,
swift_escalated,nrel,capacity_utilization_pct_change.coal,15.167,15.167,true,,,,,,,,
swift_escalated,nrel,capacity_utilization_pct_change.renewables,60.186,60.186,true,,,,,,,,
swift_escalated,nrel,capacity_utilization_pct_change.nuclear,0.0,0.0,true,,,,,,,,
swift_escalated,nrel,capacity_utilization_pct_change.other,0.0,0.0,true,,,,,,,,
swift_escalated,nrel,co2_emissions_pct_change,1.321,1.321,true,,,,,,,,
swift_escalated,nrel,renewables_dispatch_gain_pp,12.639,12.639,true,,,,,,,,
swift_escalated,nrel,coal_dispatch_gain_pp,10.0,10.0,true,,,,,,,,
swift_escalated,nrel,gdp_impact_pct,-0.4494,-0.4494,true,,,,,,,,
swift_escalated,nrel,cpi_inflation_pct,1.2639,1.2639,true,,,,,,,,
swift_escalated,nrel,consumption_impact_pct,-0.9549,-0.9549,true,,,,,,,,
swift_escalated,nrel,welfare_pct_change,-0.9549,-0.9549,true,,,,,,,,
swift_escalated,nrel,_macro_source,,nrel_derived,false,,,,,,,,
swift_escalated,mpsge_jl,oil_price_shock_pct,58.25,58.25,true,,,,,,,,
swift_escalated,mpsge_jl,trade_cost_multiplier,1.1869,1.1869,true,,,,,,,,
swift_escalated,mpsge_jl,commodity_price_shocks.oil,58.25,58.25,true,,,,,,,,
swift_escalated,mpsge_jl,commodity_price_shocks.lng,126.39090909090909,126.39090909090909,true,,,,,,,,
swift_escalated,mpsge_jl,commodity_price_shocks.fertilizer,23.756,23.756,true,,,,,,,,
swift_escalated,mpsge_jl,commodity_price_shocks.helium,0.0,0.0,true,,,,,,,,
swift_escalated,mpsge_jl,commodity_price_shocks.water,0.0,0.0,true,,,,,,,,
swift_escalated,mpsge_jl,commodity_price_shocks.capex,5.607000000000001,5.607000000000001,true,,,,,,,,
swift_escalated,mpsge_jl,disruption_duration_months,4.0,4.0,true,,,,,,,,
swift_escalated,mpsge_jl,gdp_impact_pct,-0.8695,-0.8695,true,,,,,,,,
swift_escalated,mpsge_jl,cpi_inflation_pct,2.7539,2.7539,true,,,,,,,,
swift_escalated,mpsge_jl,consumption_impact_pct,-1.9711,-1.9711,true,,,,,,,,
swift_escalated,mpsge_jl,welfare_pct_change,-1.9711,-1.9711,true,,,,,,,,
swift_escalated,mpsge_jl,wage_impact_pct,1.2176,1.2176,true,,,,,,,,
swift_escalated,mpsge_jl,interest_rate_impact_pct,1.1596,1.1596,true,,,,,,,,
swift_escalated,mpsge_jl,sectoral_output_pct_change.agriculture,-0.1244,-0.1244,true,,,,,,,,
swift_escalated,mpsge_jl,sectoral_output_pct_change.industry,-0.2334,-0.2334,true,,,,,,,,
swift_escalated,mpsge_jl,sectoral_output_pct_change.energy,0.5824,0.5824,true,,,,,,,,
swift_escalated,mpsge_jl,sectoral_output_pct_change.services,-0.7012,-0.7012,true,,,,,,,,
swift_escalated,mpsge_jl,gdp_impact_pct_by_region.US,-0.701,-0.701,true,,,,,,,,
swift_escalated,mpsge_jl,gdp_impact_pct_by_region.CHN,-1.252,-1.252,true,,,,,,,,
swift_escalated,mpsge_jl,gdp_impact_pct_by_region.IND,-1.7514,-1.7514,true,,,,,,,,
swift_escalated,mpsge_jl,gdp_impact_pct_by_region.EU,-1.7942,-1.7942,true,,,,,,,,
swift_escalated,mpsge_jl,gdp_impact_pct_by_region.MENA_GCC,2.6828,2.6828,true,,,,,,,,
swift_escalated,mpsge_jl,gdp_impact_pct_by_region.MENA_OTHER,0.5871,0.5871,true,,,,,,,,
swift_escalated,mpsge_jl,gdp_impact_pct_by_region.SSA,-1.1685,-1.1685,true,,,,,,,,
swift_escalated,mpsge_jl,gdp_impact_pct_by_region.LAC,-0.4662,-0.4662,true,,,,,,,,
swift_escalated,mpsge_jl,gdp_impact_pct_by_region.ROW,-0.8695,-0.8695,true,,,,,,,,
swift_escalated,mpsge_jl,cpi_inflation_pct_by_region.US,2.7539,2.7539,true,,,,,,,,
swift_escalated,mpsge_jl,cpi_inflation_pct_by_region.CHN,3.3882,3.3882,true,,,,,,,,
swift_escalated,mpsge_jl,cpi_inflation_pct_by_region.IND,5.3754,5.3754,true,,,,,,,,
swift_escalated,mpsge_jl,cpi_inflation_pct_by_region.EU,5.2916,5.2916,true,,,,,,,,
swift_escalated,mpsge_jl,cpi_inflation_pct_by_region.MENA_GCC,0.9943,0.9943,true,,,,,,,,
swift_escalated,mpsge_jl,cpi_inflation_pct_by_region.MENA_OTHER,3.6333,3.6333,true,,,,,,,,
swift_escalated,mpsge_jl,cpi_inflation_pct_by_region.SSA,4.991,4.991,true,,,,,,,,
swift_escalated,mpsge_jl,cpi_inflation_pct_by_region.LAC,2.8826,2.8826,true,,,,,,,,
swift_escalated,mpsge_jl,cpi_inflation_pct_by_region.ROW,2.7539,2.7539,true,,,,,,,,
swift_escalated,mpsge_jl,consumption_impact_pct_by_region.US,-1.8026,-1.8026,true,,,,,,,,
swift_escalated,mpsge_jl,consumption_impact_pct_by_region.CHN,-2.6073,-2.6073,true,,,,,,,,
swift_escalated,mpsge_jl,consumption_impact_pct_by_region.IND,-3.9016,-3.9016,true,,,,,,,,
swift_escalated,mpsge_jl,consumption_impact_pct_by_region.EU,-3.9109,-3.9109,true,,,,,,,,
swift_escalated,mpsge_jl,consumption_impact_pct_by_region.MENA_GCC,2.2851,2.2851,true,,,,,,,,
swift_escalated,mpsge_jl,consumption_impact_pct_by_region.MENA_OTHER,-0.8663,-0.8663,true,,,,,,,,
swift_escalated,mpsge_jl,consumption_impact_pct_by_region.SSA,-3.1649,-3.1649,true,,,,,,,,
swift_escalated,mpsge_jl,consumption_impact_pct_by_region.LAC,-1.6193,-1.6193,true,,,,,,,,
swift_escalated,mpsge_jl,consumption_impact_pct_by_region.ROW,-1.9711,-1.9711,true,,,,,,,,
swift_escalated,mpsge_jl,welfare_pct_change_by_region.US,-1.8026,-1.8026,true,,,,,,,,
swift_escalated,mpsge_jl,welfare_pct_change_by_region.CHN,-2.6073,-2.6073,true,,,,,,,,
swift_escalated,mpsge_jl,welfare_pct_change_by_region.IND,-3.9016,-3.9016,true,,,,,,,,
swift_escalated,mpsge_jl,welfare_pct_change_by_region.EU,-3.9109,-3.9109,true,,,,,,,,
swift_escalated,mpsge_jl,welfare_pct_change_by_region.MENA_GCC,2.2851,2.2851,true,,,,,,,,
swift_escalated,mpsge_jl,welfare_pct_change_by_region.MENA_OTHER,-0.8663,-0.8663,true,,,,,,,,
swift_escalated,mpsge_jl,welfare_pct_change_by_region.SSA,-3.1649,-3.1649,true,,,,,,,,
swift_escalated,mpsge_jl,welfare_pct_change_by_region.LAC,-1.6193,-1.6193,true,,,,,,,,
swift_escalated,mpsge_jl,welfare_pct_change_by_region.ROW,-1.9711,-1.9711,true,,,,,,,,
swift_escalated,mpsge_jl,equivalent_variation_pct_by_region.US,-1.8026,-1.8026,true,,,,,,,,
swift_escalated,mpsge_jl,equivalent_variation_pct_by_region.CHN,-2.6073,-2.6073,true,,,,,,,,
swift_escalated,mpsge_jl,equivalent_variation_pct_by_region.IND,-3.9016,-3.9016,true,,,,,,,,
swift_escalated,mpsge_jl,equivalent_variation_pct_by_region.EU,-3.9109,-3.9109,true,,,,,,,,
swift_escalated,mpsge_jl,equivalent_variation_pct_by_region.MENA_GCC,2.2851,2.2851,true,,,,,,,,
swift_escalated,mpsge_jl,equivalent_variation_pct_by_region.MENA_OTHER,-0.8663,-0.8663,true,,,,,,,,
swift_escalated,mpsge_jl,equivalent_variation_pct_by_region.SSA,-3.1649,-3.1649,true,,,,,,,,
swift_escalated,mpsge_jl,equivalent_variation_pct_by_region.LAC,-1.6193,-1.6193,true,,,,,,,,
swift_escalated,mpsge_jl,equivalent_variation_pct_by_region.ROW,-1.9711,-1.9711,true,,,,,,,,
swift_escalated,mpsge_jl,terms_of_trade_pct_change_by_region.US,-0.0291,-0.0291,true,,,,,,,,
swift_escalated,mpsge_jl,terms_of_trade_pct_change_by_region.CHN,-0.1748,-0.1748,true,,,,,,,,
swift_escalated,mpsge_jl,terms_of_trade_pct_change_by_region.IND,-0.2913,-0.2913,true,,,,,,,,
swift_escalated,mpsge_jl,terms_of_trade_pct_change_by_region.EU,-0.233,-0.233,true,,,,,,,,
swift_escalated,mpsge_jl,terms_of_trade_pct_change_by_region.MENA_GCC,0.5242,0.5242,true,,,,,,,,
swift_escalated,mpsge_jl,terms_of_trade_pct_change_by_region.MENA_OTHER,0.1748,0.1748,true,,,,,,,,
swift_escalated,mpsge_jl,terms_of_trade_pct_change_by_region.SSA,-0.2039,-0.2039,true,,,,,,,,
swift_escalated,mpsge_jl,terms_of_trade_pct_change_by_region.LAC,-0.0583,-0.0583,true,,,,,,,,
swift_escalated,mpsge_jl,terms_of_trade_pct_change_by_region.ROW,-0.0583,-0.0583,true,,,,,,,,
swift_escalated,pycge,gdp_impact_pct,-0.7889,-0.7889,true,,,,,,,,
swift_escalated,pycge,gdp_growth_pct,-0.7889,-0.7889,true,,,,,,,,
swift_escalated,pycge,gdp_growth_pct_year1,-0.7889,-0.7889,true,,,,,,,,
swift_escalated,pycge,cpi_inflation_pct,1.712,1.712,true,,,,,,,,
swift_escalated,pycge,cpi_inflation_pct_year1,1.712,1.712,true,,,,,,,,
swift_escalated,pycge,consumption_impact_pct,-1.4736,-1.4736,true,,,,,,,,
swift_escalated,pycge,welfare_pct_change,-1.4736,-1.4736,true,,,,,,,,
swift_escalated,pycge,wage_impact_pct,0.6327,0.6327,true,,,,,,,,
swift_escalated,pycge,interest_rate_impact_pct,0.6588,0.6588,true,,,,,,,,
swift_escalated,pycge,sectoral_output_pct_change.agriculture,-0.0829,-0.0829,true,,,,,,,,
swift_escalated,pycge,sectoral_output_pct_change.industry,-0.1882,-0.1882,true,,,,,,,,
swift_escalated,pycge,sectoral_output_pct_change.energy,0.34,0.34,true,,,,,,,,
swift_escalated,pycge,sectoral_output_pct_change.services,-0.6267,-0.6267,true,,,,,,,,
swift_escalated,pycge,_inputs.duration_months,4.0,4.0,true,,,,,,,,
swift_escalated,pycge,_inputs.regime,,short_run,false,,,,,,,,
swift_escalated,pycge,_inputs.duration_scaler,0.4444,0.4444,true,,,,,,,,
swift_escalated,pycge,_applied_shocks.oil,58.25,58.25,true,,,,,,,,
swift_escalated,pycge,_applied_shocks.lng,25.0,25.0,true,,,,,,,,
swift_escalated,pycge,_applied_shocks.fertilizer,23.756,23.756,true,,,,,,,,
swift_escalated,pycge,_applied_shocks.helium,0.0,0.0,true,,,,,,,,
swift_escalated,pycge,_duration_months,4.0,4.0,true,,,,,,,,
swift_escalated,pycge,_overrides.p_oil,1.5825,1.5825,true,,,,,,,,
swift_escalated,pycge,_overrides.p_energy,1.978125,1.978125,true,,,,,,,,
swift_escalated,pycge,_overrides.p_gas,1.25,1.25,true,,,,,,,,
swift_escalated,pycge,_overrides.p_fert,1.23756,1.23756,true,,,,,,,,
swift_escalated,pycge,_overrides.p_intermediate,1.23756,1.23756,true,,,,,,,,
swift_escalated,pycge,_overrides.p_helium,1.0,1.0,true,,,,,,,,
swift_escalated,pycge,_used_analytical_mvp,,True,false,,,,,,,,
swift_escalated,pycge,_execution_mode,,analytical_mvp,false,,,,,,,,
swift_escalated,pycge,_regional_source,,macro_kernel_derived,false,,,,,,,,
swift_escalated,pycge,_provenance_note,,PyCGE analytical-MVP closed-form macro kernel (literature-calibrated elasticities). Activates when the optional cge_modeling package is missing or its pre-alpha API does not match this adapter's expectations.,false,,,,,,,,
prolonged_escalated,nrel,natural_gas_price_change_pct,126.39090909090909,126.39090909090909,true,,,,,,,,
prolonged_escalated,nrel,electricity_demand_change_pct,0.0,0.0,true,,,,,,,,
prolonged_escalated,nrel,disruption_duration_months,7.0,7.0,true,,,,,,,,
prolonged_escalated,nrel,retail_electricity_price_change_pct,56.876,56.876,true,,,,,,,,
prolonged_escalated,nrel,retail_passthrough_coefficient,0.5,0.5,true,,,,,,,,
prolonged_escalated,nrel,generation_share_baseline.natural_gas,0.43,0.43,true,,,,,,,,
prolonged_escalated,nrel,generation_share_baseline.coal,0.16,0.16,true,,,,,,,,
prolonged_escalated,nrel,generation_share_baseline.nuclear,0.18,0.18,true,,,,,,,,
prolonged_escalated,nrel,generation_share_baseline.renewables,0.21,0.21,true,,,,,,,,
prolonged_escalated,nrel,generation_share_baseline.other,0.02,0.02,true,,,,,,,,
prolonged_escalated,nrel,generation_share_new.natural_gas,0.2036,0.2036,true,,,,,,,,
prolonged_escalated,nrel,generation_share_new.coal,0.26,0.26,true,,,,,,,,
prolonged_escalated,nrel,generation_share_new.nuclear,0.18,0.18,true,,,,,,,,
prolonged_escalated,nrel,generation_share_new.renewables,0.3364,0.3364,true,,,,,,,,
prolonged_escalated,nrel,generation_share_new.other,0.02,0.02,true,,,,,,,,
prolonged_escalated,nrel,generation_dispatch_pct_change.natural_gas,-22.639,-22.639,true,,,,,,,,
prolonged_escalated,nrel,generation_dispatch_pct_change.coal,10.0,10.0,true,,,,,,,,
prolonged_escalated,nrel,generation_dispatch_pct_change.renewables,12.639,12.639,true,,,,,,,,
prolonged_escalated,nrel,generation_dispatch_pct_change.nuclear,0.0,0.0,true,,,,,,,,
prolonged_escalated,nrel,generation_dispatch_pct_change.other,0.0,0.0,true,,,,,,,,
prolonged_escalated,nrel,capacity_utilization_pct_change.natural_gas,-8.847,-8.847,true,,,,,,,,
prolonged_escalated,nrel,capacity_utilization_pct_change.coal,15.167,15.167,true,,,,,,,,
prolonged_escalated,nrel,capacity_utilization_pct_change.renewables,60.186,60.186,true,,,,,,,,
prolonged_escalated,nrel,capacity_utilization_pct_change.nuclear,0.0,0.0,true,,,,,,,,
prolonged_escalated,nrel,capacity_utilization_pct_change.other,0.0,0.0,true,,,,,,,,
prolonged_escalated,nrel,co2_emissions_pct_change,1.321,1.321,true,,,,,,,,
prolonged_escalated,nrel,renewables_dispatch_gain_pp,12.639,12.639,true,,,,,,,,
prolonged_escalated,nrel,coal_dispatch_gain_pp,10.0,10.0,true,,,,,,,,
prolonged_escalated,nrel,gdp_impact_pct,-0.6599,-0.6599,true,,,,,,,,
prolonged_escalated,nrel,cpi_inflation_pct,1.6498,1.6498,true,,,,,,,,
prolonged_escalated,nrel,consumption_impact_pct,-1.3199,-1.3199,true,,,,,,,,
prolonged_escalated,nrel,welfare_pct_change,-1.3199,-1.3199,true,,,,,,,,
prolonged_escalated,nrel,_macro_source,,nrel_derived,false,,,,,,,,
prolonged_contained,marketsim,oil_price_shock_pct,50.0,50.0,true,,,,,,,,
prolonged_contained,marketsim,natural_gas_price_change_pct,20.0,20.0,true,,,,,,,,
prolonged_contained,marketsim,disruption_duration_months,4.0,4.0,true,,,,,,,,
prolonged_contained,marketsim,consumer_surplus_loss_oil_bn_usd,46.927,46.927,true,,,,,,,,
prolonged_contained,marketsim,consumer_surplus_loss_gas_bn_usd,3.925,3.925,true,,,,,,,,
prolonged_contained,marketsim,consumer_surplus_loss_bn_usd,50.852,50.852,true,,,,,,,,
prolonged_contained,marketsim,producer_surplus_change_oil_bn_usd,28.156,28.156,true,,,,,,,,
prolonged_contained,marketsim,producer_surplus_change_gas_bn_usd,2.355,2.355,true,,,,,,,,
prolonged_contained,marketsim,net_welfare_impact_bn_usd,-20.341,-20.341,true,,,,,,,,
prolonged_contained,marketsim,oil_demand_destruction_mbd,-0.57,-0.57,true,,,,,,,,
prolonged_contained,marketsim,gas_demand_destruction_bcfd,-1.76,-1.76,true,,,,,,,,
prolonged_contained,marketsim,fuel_switching_oil_to_gas_mmbtu,277570333.3,277570333.3,true,,,,,,,,
prolonged_contained,marketsim,fuel_switching_gas_to_oil_bbl,23116666.7,23116666.7,true,,,,,,,,
prolonged_contained,marketsim,cs_loss_by_sector_oil_bn_usd.transport,32.38,32.38,true,,,,,,,,
prolonged_contained,marketsim,cs_loss_by_sector_oil_bn_usd.industrial,10.793,10.793,true,,,,,,,,
prolonged_contained,marketsim,cs_loss_by_sector_oil_bn_usd.residential,1.877,1.877,true,,,,,,,,
prolonged_contained,marketsim,cs_loss_by_sector_oil_bn_usd.commercial,1.877,1.877,true,,,,,,,,
prolonged_contained,marketsim,cs_loss_by_sector_gas_bn_usd.industrial,1.256,1.256,true,,,,,,,,
prolonged_contained,marketsim,cs_loss_by_sector_gas_bn_usd.residential,0.628,0.628,true,,,,,,,,
prolonged_contained,marketsim,cs_loss_by_sector_gas_bn_usd.commercial,0.51,0.51,true,,,,,,,,
prolonged_contained,marketsim,cs_loss_by_sector_gas_bn_usd.electric_power,1.531,1.531,true,,,,,,,,
prolonged_contained,marketsim,us_baseline_oil_consumption_mbd,19.0,19.0,true,,,,,,,,
prolonged_contained,marketsim,us_baseline_gas_consumption_bcfd,88.0,88.0,true,,,,,,,,
prolonged_contained,energy_flux_gas_power,build_scenario,,central,false,,,,,,,,
prolonged_contained,energy_flux_gas_power,build_cap_mw_yr,10135.0,10135.0,true,,,,,,,,
prolonged_contained,energy_flux_gas_power,total_pipeline_mw,252000.0,252000.0,true,,,,,,,,
prolonged_contained,energy_flux_gas_power,total_commissioned_gw,101.35,101.35,true,,,,,,,,
prolonged_contained,energy_flux_gas_power,years_to_clear_backlog,,,false,,,,,,,,
prolonged_contained,energy_flux_gas_power,by_2030_new_gw,50.675,50.675,true,,,,,,,,
prolonged_contained,energy_flux_gas_power,by_2030_bcf_per_day_mid,3.799891996142719,3.799891996142719,true,,,,,,,,
prolonged_contained,energy_flux_gas_power,by_2035_new_gw,101.35,101.35,true,,,,,,,,
prolonged_contained,energy_flux_gas_power,by_2035_bcf_per_day_mid,7.599783992285438,7.599783992285438,true,,,,,,,,
prolonged_contained,lngst,qatar_export_reduction_pct,100.0,100.0,true,,,,,,,,
prolonged_contained,lngst,uae_export_reduction_pct,0.0,0.0,true,,,,,,,,
prolonged_contained,lngst,spot_price_multiplier,1.5,1.5,true,,,,,,,,
prolonged_contained,lngst,disruption_duration_months,4.0,4.0,true,,,,,,,,
prolonged_contained,lngst,supply_shortfall_bcm,36.667,36.667,true,,,,,,,,
prolonged_contained,lngst,supply_shortfall_bcm_annualised,110.0,110.0,true,,,,,,,,
prolonged_contained,lngst,global_supply_shortfall_pct,20.37,20.37,true,,,,,,,,
prolonged_contained,lngst,implied_price_impulse_pct,50.926,50.926,true,,,,,,,,
prolonged_contained,lngst,henry_hub_price,5.188,5.188,true,,,,,,,,
prolonged_contained,lngst,ttf_price,24.903,24.903,true,,,,,,,,
prolonged_contained,lngst,jkm_price,28.438,28.438,true,,,,,,,,
prolonged_contained,lngst,lng_price_usd_mmbtu,24.903,24.903,true,,,,,,,,
prolonged_contained,lngst,hub_baseline_prices.henry_hub,3.0,3.0,true,,,,,,,,
prolonged_contained,lngst,hub_baseline_prices.ttf,11.0,11.0,true,,,,,,,,
prolonged_contained,lngst,hub_baseline_prices.jkm,13.0,13.0,true,,,,,,,,
prolonged_contained,lngst,hub_passthrough_coefficients.henry_hub,0.3,0.3,true,,,,,,,,
prolonged_contained,lngst,hub_passthrough_coefficients.ttf,1.0,1.0,true,,,,,,,,
prolonged_contained,lngst,hub_passthrough_coefficients.jkm,0.9,0.9,true,,,,,,,,
prolonged_contained,world_helium_model,equilibrium_price_usd_per_mscf,280.0,280.0,true,,,,,,,,
prolonged_contained,world_helium_model,baseline_price_usd_per_mscf,280.0,280.0,true,,,,,,,,
prolonged_contained,world_helium_model,price_change_pct,0.0,0.0,true,,,,,,,,
prolonged_contained,world_helium_model,effective_supply_gap_pct,0.0,0.0,true,,,,,,,,
prolonged_contained,world_helium_model,demand_rationing_mmscf,0.0,0.0,true,,,,,,,,
prolonged_contained,world_helium_model,sector_allocation_share.mri_medical,0.32,0.32,true,,,,,,,,
prolonged_contained,world_helium_model,sector_allocation_share.semiconductors,0.28,0.28,true,,,,,,,,
prolonged_contained,world_helium_model,sector_allocation_share.cryogenics_research,0.2,0.2,true,,,,,,,,
prolonged_contained,world_helium_model,sector_allocation_share.aerospace_defense,0.12,0.12,true,,,,,,,,
prolonged_contained,world_helium_model,sector_allocation_share.other,0.08,0.08,true,,,,,,,,
prolonged_contained,world_helium_model,rationing_share_by_sector.mri_medical,0.198,0.198,true,,,,,,,,
prolonged_contained,world_helium_model,rationing_share_by_sector.semiconductors,0.2079,0.2079,true,,,,,,,,
prolonged_contained,world_helium_model,rationing_share_by_sector.cryogenics_research,0.297,0.297,true,,,,,,,,
prolonged_contained,world_helium_model,rationing_share_by_sector.aerospace_defense,0.1485,0.1485,true,,,,,,,,
prolonged_contained,world_helium_model,rationing_share_by_sector.other,0.1485,0.1485,true,,,,,,,,
prolonged_contained,world_helium_model,inventory_drawdown_months,0.0,0.0,true,,,,,,,,
prolonged_contained,world_helium_model,qatar_helium_supply_loss_pct,0.0,0.0,true,,,,,,,,
prolonged_contained,world_helium_model,disruption_duration_months,4.0,4.0,true,,,,,,,,
swift_contained,poles_jrc,peak_price_usd_per_bbl,123.83,123.83,true,,,,,,,,
swift_contained,poles_jrc,peak_price_change_pct,54.79,54.79,true,,,,,,,,
swift_contained,poles_jrc,baseline_price_usd_per_bbl,80.0,80.0,true,,,,,,,,
swift_contained,poles_jrc,rerouting_volume_mbd,4.38,4.38,true,,,,,,,,
swift_contained,poles_jrc,substitution_volume_mbd,0.0,0.0,true,,,,,,,,
swift_contained,poles_jrc,disruption_duration_months,0.42,0.42,true,,,,,,,,
swift_contained,poles_jrc,supply_loss_mbd,4.38,4.38,true,,,,,,,,
swift_contained,poles_jrc,supply_loss_pct_of_global,4.294,4.294,true,,,,,,,,
prolonged_escalated,mpsge_jl,oil_price_shock_pct,51.82,51.82,true,,,,,,,,
prolonged_escalated,mpsge_jl,trade_cost_multiplier,1.1869,1.1869,true,,,,,,,,
prolonged_escalated,mpsge_jl,commodity_price_shocks.oil,51.82,51.82,true,,,,,,,,
prolonged_escalated,mpsge_jl,commodity_price_shocks.lng,126.39090909090909,126.39090909090909,true,,,,,,,,
prolonged_escalated,mpsge_jl,commodity_price_shocks.fertilizer,23.756,23.756,true,,,,,,,,
prolonged_escalated,mpsge_jl,commodity_price_shocks.helium,30.0,30.0,true,,,,,,,,
prolonged_escalated,mpsge_jl,commodity_price_shocks.water,0.0,0.0,true,,,,,,,,
prolonged_escalated,mpsge_jl,commodity_price_shocks.capex,5.607000000000001,5.607000000000001,true,,,,,,,,
prolonged_escalated,mpsge_jl,disruption_duration_months,7.0,7.0,true,,,,,,,,
prolonged_escalated,mpsge_jl,gdp_impact_pct,-1.4314,-1.4314,true,,,,,,,,
prolonged_escalated,mpsge_jl,cpi_inflation_pct,3.0628,3.0628,true,,,,,,,,
prolonged_escalated,mpsge_jl,consumption_impact_pct,-2.6565,-2.6565,true,,,,,,,,
prolonged_escalated,mpsge_jl,welfare_pct_change,-2.6565,-2.6565,true,,,,,,,,
prolonged_escalated,mpsge_jl,wage_impact_pct,1.122,1.122,true,,,,,,,,
prolonged_escalated,mpsge_jl,interest_rate_impact_pct,1.1736,1.1736,true,,,,,,,,
prolonged_escalated,mpsge_jl,sectoral_output_pct_change.agriculture,-0.2101,-0.2101,true,,,,,,,,
prolonged_escalated,mpsge_jl,sectoral_output_pct_change.industry,-0.3876,-0.3876,true,,,,,,,,
prolonged_escalated,mpsge_jl,sectoral_output_pct_change.energy,0.9852,0.9852,true,,,,,,,,
prolonged_escalated,mpsge_jl,sectoral_output_pct_change.services,-1.1556,-1.1556,true,,,,,,,,
prolonged_escalated,mpsge_jl,gdp_impact_pct_by_region.US,-1.14,-1.14,true,,,,,,,,
prolonged_escalated,mpsge_jl,gdp_impact_pct_by_region.CHN,-2.0685,-2.0685,true,,,,,,,,
prolonged_escalated,mpsge_jl,gdp_impact_pct_by_region.IND,-2.8791,-2.8791,true,,,,,,,,
prolonged_escalated,mpsge_jl,gdp_impact_pct_by_region.EU,-3.0045,-3.0045,true,,,,,,,,
prolonged_escalated,mpsge_jl,gdp_impact_pct_by_region.MENA_GCC,4.3702,4.3702,true,,,,,,,,
prolonged_escalated,mpsge_jl,gdp_impact_pct_by_region.MENA_OTHER,0.9336,0.9336,true,,,,,,,,
prolonged_escalated,mpsge_jl,gdp_impact_pct_by_region.SSA,-1.8761,-1.8761,true,,,,,,,,
prolonged_escalated,mpsge_jl,gdp_impact_pct_by_region.LAC,-0.769,-0.769,true,,,,,,,,
prolonged_escalated,mpsge_jl,gdp_impact_pct_by_region.ROW,-1.4297,-1.4297,true,,,,,,,,
prolonged_escalated,mpsge_jl,cpi_inflation_pct_by_region.US,3.0628,3.0628,true,,,,,,,,
prolonged_escalated,mpsge_jl,cpi_inflation_pct_by_region.CHN,3.7728,3.7728,true,,,,,,,,
prolonged_escalated,mpsge_jl,cpi_inflation_pct_by_region.IND,5.9713,5.9713,true,,,,,,,,
prolonged_escalated,mpsge_jl,cpi_inflation_pct_by_region.EU,5.9485,5.9485,true,,,,,,,,
prolonged_escalated,mpsge_jl,cpi_inflation_pct_by_region.MENA_GCC,1.115,1.115,true,,,,,,,,
prolonged_escalated,mpsge_jl,cpi_inflation_pct_by_region.MENA_OTHER,4.0139,4.0139,true,,,,,,,,
prolonged_escalated,mpsge_jl,cpi_inflation_pct_by_region.SSA,5.4477,5.4477,true,,,,,,,,
prolonged_escalated,mpsge_jl,cpi_inflation_pct_by_region.LAC,3.183,3.183,true,,,,,,,,
prolonged_escalated,mpsge_jl,cpi_inflation_pct_by_region.ROW,3.0628,3.0628,true,,,,,,,,
prolonged_escalated,mpsge_jl,consumption_impact_pct_by_region.US,-2.3651,-2.3651,true,,,,,,,,
prolonged_escalated,mpsge_jl,consumption_impact_pct_by_region.CHN,-3.5776,-3.5776,true,,,,,,,,
prolonged_escalated,mpsge_jl,consumption_impact_pct_by_region.IND,-5.2676,-5.2676,true,,,,,,,,
prolonged_escalated,mpsge_jl,consumption_impact_pct_by_region.EU,-5.3839,-5.3839,true,,,,,,,,
prolonged_escalated,mpsge_jl,consumption_impact_pct_by_region.MENA_GCC,3.9242,3.9242,true,,,,,,,,
prolonged_escalated,mpsge_jl,consumption_impact_pct_by_region.MENA_OTHER,-0.6719,-0.6719,true,,,,,,,,
prolonged_escalated,mpsge_jl,consumption_impact_pct_by_region.SSA,-4.0552,-4.0552,true,,,,,,,,
prolonged_escalated,mpsge_jl,consumption_impact_pct_by_region.LAC,-2.0422,-2.0422,true,,,,,,,,
prolonged_escalated,mpsge_jl,consumption_impact_pct_by_region.ROW,-2.6548,-2.6548,true,,,,,,,,
prolonged_escalated,mpsge_jl,welfare_pct_change_by_region.US,-2.3651,-2.3651,true,,,,,,,,
prolonged_escalated,mpsge_jl,welfare_pct_change_by_region.CHN,-3.5776,-3.5776,true,,,,,,,,
prolonged_escalated,mpsge_jl,welfare_pct_change_by_region.IND,-5.2676,-5.2676,true,,,,,,,,
prolonged_escalated,mpsge_jl,welfare_pct_change_by_region.EU,-5.3839,-5.3839,true,,,,,,,,
prolonged_escalated,mpsge_jl,welfare_pct_change_by_region.MENA_GCC,3.9242,3.9242,true,,,,,,,,
prolonged_escalated,mpsge_jl,welfare_pct_change_by_region.MENA_OTHER,-0.6719,-0.6719,true,,,,,,,,
prolonged_escalated,mpsge_jl,welfare_pct_change_by_region.SSA,-4.0552,-4.0552,true,,,,,,,,
prolonged_escalated,mpsge_jl,welfare_pct_change_by_region.LAC,-2.0422,-2.0422,true,,,,,,,,
prolonged_escalated,mpsge_jl,welfare_pct_change_by_region.ROW,-2.6548,-2.6548,true,,,,,,,,
prolonged_escalated,mpsge_jl,equivalent_variation_pct_by_region.US,-2.3651,-2.3651,true,,,,,,,,
prolonged_escalated,mpsge_jl,equivalent_variation_pct_by_region.CHN,-3.5776,-3.5776,true,,,,,,,,
prolonged_escalated,mpsge_jl,equivalent_variation_pct_by_region.IND,-5.2676,-5.2676,true,,,,,,,,
prolonged_escalated,mpsge_jl,equivalent_variation_pct_by_region.EU,-5.3839,-5.3839,true,,,,,,,,
prolonged_escalated,mpsge_jl,equivalent_variation_pct_by_region.MENA_GCC,3.9242,3.9242,true,,,,,,,,
prolonged_escalated,mpsge_jl,equivalent_variation_pct_by_region.MENA_OTHER,-0.6719,-0.6719,true,,,,,,,,
prolonged_escalated,mpsge_jl,equivalent_variation_pct_by_region.SSA,-4.0552,-4.0552,true,,,,,,,,
prolonged_escalated,mpsge_jl,equivalent_variation_pct_by_region.LAC,-2.0422,-2.0422,true,,,,,,,,
prolonged_escalated,mpsge_jl,equivalent_variation_pct_by_region.ROW,-2.6548,-2.6548,true,,,,,,,,
prolonged_escalated,mpsge_jl,terms_of_trade_pct_change_by_region.US,-0.0259,-0.0259,true,,,,,,,,
prolonged_escalated,mpsge_jl,terms_of_trade_pct_change_by_region.CHN,-0.1555,-0.1555,true,,,,,,,,
prolonged_escalated,mpsge_jl,terms_of_trade_pct_change_by_region.IND,-0.2591,-0.2591,true,,,,,,,,
prolonged_escalated,mpsge_jl,terms_of_trade_pct_change_by_region.EU,-0.2073,-0.2073,true,,,,,,,,
prolonged_escalated,mpsge_jl,terms_of_trade_pct_change_by_region.MENA_GCC,0.4664,0.4664,true,,,,,,,,
prolonged_escalated,mpsge_jl,terms_of_trade_pct_change_by_region.MENA_OTHER,0.1555,0.1555,true,,,,,,,,
prolonged_escalated,mpsge_jl,terms_of_trade_pct_change_by_region.SSA,-0.1814,-0.1814,true,,,,,,,,
prolonged_escalated,mpsge_jl,terms_of_trade_pct_change_by_region.LAC,-0.0518,-0.0518,true,,,,,,,,
prolonged_escalated,mpsge_jl,terms_of_trade_pct_change_by_region.ROW,-0.0518,-0.0518,true,,,,,,,,
prolonged_contained,world_fertilizer,natural_gas_price_change_pct,25.0,25.0,true,,,,,,,,
prolonged_contained,world_fertilizer,middle_east_production_loss_pct,30.0,30.0,true,,,,,,,,
prolonged_contained,world_fertilizer,disruption_duration_months,4.0,4.0,true,,,,,,,,
prolonged_contained,world_fertilizer,nitrogen_price_pct,49.75,49.75,true,,,,,,,,
prolonged_contained,world_fertilizer,phosphate_price_pct,2.488,2.488,true,,,,,,,,
prolonged_contained,world_fertilizer,potash_price_pct,2.488,2.488,true,,,,,,,,
prolonged_contained,world_fertilizer,fertilizer_price_index_pct,23.756,23.756,true,,,,,,,,
prolonged_contained,world_fertilizer,price_urea_pct,49.75,49.75,true,,,,,,,,
prolonged_contained,world_fertilizer,price_dap_pct,2.488,2.488,true,,,,,,,,
prolonged_contained,world_fertilizer,price_mop_pct,2.488,2.488,true,,,,,,,,
prolonged_contained,world_fertilizer,trade_flows.middle_east_exports_pct_change,-30.0,-30.0,true,,,,,,,,
prolonged_contained,world_fertilizer,trade_flows.us_exports_pct_change,6.0,6.0,true,,,,,,,,
prolonged_contained,world_fertilizer,trade_flows.russia_exports_pct_change,8.4,8.4,true,,,,,,,,
prolonged_contained,world_fertilizer,trade_flows.algeria_exports_pct_change,4.8,4.8,true,,,,,,,,
prolonged_contained,world_fertilizer,fertilizer_index_weights.urea,0.45,0.45,true,,,,,,,,
prolonged_contained,world_fertilizer,fertilizer_index_weights.dap,0.3,0.3,true,,,,,,,,
prolonged_contained,world_fertilizer,fertilizer_index_weights.mop,0.25,0.25,true,,,,,,,,
prolonged_contained,apsim,fertilizer_application_reduction_pct,0.0,0.0,true,,,,,,,,
prolonged_contained,apsim,irrigation_water_reduction_pct,0.0,0.0,true,,,,,,,,
prolonged_contained,apsim,growing_season,,winter,false,,,,,,,,
prolonged_contained,apsim,yield_pct_change_by_crop.wheat,-0.0,-0.0,true,,,,,,,,
prolonged_contained,apsim,yield_pct_change_by_crop.rice,-0.0,-0.0,true,,,,,,,,
prolonged_contained,apsim,yield_pct_change_by_crop.maize,-0.0,-0.0,true,,,,,,,,
prolonged_contained,apsim,mean_yield_pct_change,0.0,0.0,true,,,,,,,,
prolonged_contained,apsim,n_limited_yield_share_by_crop.wheat,0.0,0.0,true,,,,,,,,
prolonged_contained,apsim,n_limited_yield_share_by_crop.rice,0.0,0.0,true,,,,,,,,
prolonged_contained,apsim,n_limited_yield_share_by_crop.maize,0.0,0.0,true,,,,,,,,
prolonged_contained,apsim,water_limited_yield_share_by_crop.wheat,0.0,0.0,true,,,,,,,,
prolonged_contained,apsim,water_limited_yield_share_by_crop.rice,0.0,0.0,true,,,,,,,,
prolonged_contained,apsim,water_limited_yield_share_by_crop.maize,0.0,0.0,true,,,,,,,,
prolonged_contained,apsim,n_use_efficiency_baseline,25.0,25.0,true,,,,,,,,
prolonged_contained,apsim,n_use_efficiency_new,25.0,25.0,true,,,,,,,,
prolonged_contained,apsim,n_use_efficiency_change_pct,0.0,0.0,true,,,,,,,,
prolonged_contained,apsim,crop_yield_loss_pct,-0.0,-0.0,true,,,,,,,,
prolonged_contained,futures,peak_price_index_per_commodity.oil,1.21,1.21,true,,,,,,,,
prolonged_contained,futures,peak_price_index_per_commodity.LNG,1.21,1.21,true,,,,,,,,
prolonged_contained,futures,time_to_normalization_months_per_commodity.oil,,,false,,,,,,,,
prolonged_contained,futures,time_to_normalization_months_per_commodity.LNG,,,false,,,,,,,,
prolonged_contained,futures,forecast_horizon_months,4,4,true,,,,,,,,
prolonged_contained,futures,initial_price_shock_pct,21.0,21.0,true,,,,,,,,
prolonged_contained,aisdb,strait_closure_flag,,True,false,,,,,,,,
prolonged_contained,aisdb,additional_transit_days_by_route.cape_of_good_hope,9.5,9.5,true,,,,,,,,
prolonged_contained,aisdb,max_additional_transit_days,9.5,9.5,true,,,,,,,,
prolonged_contained,aisdb,fleet_utilization_drop_pct_by_vessel.lng_carrier,35.185,35.185,true,,,,,,,,
prolonged_contained,aisdb,fleet_utilization_drop_pct_by_vessel.tanker,29.688,29.688,true,,,,,,,,
prolonged_contained,aisdb,effective_fleet_capacity_loss_pct,31.154,31.154,true,,,,,,,,
prolonged_contained,aisdb,rerouting_cost_multiplier,1.1869,1.1869,true,,,,,,,,
prolonged_contained,aisdb,war_risk_insurance_premium_pct,200.0,200.0,true,,,,,,,,
prolonged_contained,aisdb,hormuz_traffic_share_weights.lng_carrier,0.26666666666666666,0.26666666666666666,true,,,,,,,,
prolonged_contained,aisdb,hormuz_traffic_share_weights.tanker,0.7333333333333334,0.7333333333333334,true,,,,,,,,
prolonged_contained,ais_project,strait_closure_flag,,True,false,,,,,,,,
prolonged_contained,ais_project,rerouting_via_cape,,False,false,,,,,,,,
prolonged_contained,ais_project,additional_transit_days,0.0,0.0,true,,,,,,,,
prolonged_contained,ais_project,fleet_utilization_multiplier,1.0,1.0,true,,,,,,,,
prolonged_contained,ais_project,effective_fleet_capacity_loss_pct,0.0,0.0,true,,,,,,,,
prolonged_contained,ais_project,tanker_rate_change_pct,0.0,0.0,true,,,,,,,,
prolonged_contained,ais_project,rerouting_cost_multiplier,1.0,1.0,true,,,,,,,,
prolonged_contained,ais_project,voyage_days_lost_per_baseline_voyage,0.0,0.0,true,,,,,,,,
prolonged_contained,ais_project,disruption_duration_months,4.0,4.0,true,,,,,,,,
swift_contained,marketsim,oil_price_shock_pct,10.0,10.0,true,,,,,,,,
swift_contained,marketsim,natural_gas_price_change_pct,5.0,5.0,true,,,,,,,,
swift_contained,marketsim,disruption_duration_months,0.17,0.17,true,,,,,,,,
swift_contained,marketsim,consumer_surplus_loss_oil_bn_usd,0.394,0.394,true,,,,,,,,
swift_contained,marketsim,consumer_surplus_loss_gas_bn_usd,0.041,0.041,true,,,,,,,,
swift_contained,marketsim,consumer_surplus_loss_bn_usd,0.436,0.436,true,,,,,,,,
swift_contained,marketsim,producer_surplus_change_oil_bn_usd,0.236,0.236,true,,,,,,,,
swift_contained,marketsim,producer_surplus_change_gas_bn_usd,0.025,0.025,true,,,,,,,,
swift_contained,marketsim,net_welfare_impact_bn_usd,-0.174,-0.174,true,,,,,,,,
swift_contained,marketsim,oil_demand_destruction_mbd,-0.114,-0.114,true,,,,,,,,
swift_contained,marketsim,gas_demand_destruction_bcfd,-0.44,-0.44,true,,,,,,,,
swift_contained,marketsim,fuel_switching_oil_to_gas_mmbtu,2359347.8,2359347.8,true,,,,,,,,
swift_contained,marketsim,fuel_switching_gas_to_oil_bbl,245614.6,245614.6,true,,,,,,,,
swift_contained,marketsim,cs_loss_by_sector_oil_bn_usd.transport,0.272,0.272,true,,,,,,,,
swift_contained,marketsim,cs_loss_by_sector_oil_bn_usd.industrial,0.091,0.091,true,,,,,,,,
swift_contained,marketsim,cs_loss_by_sector_oil_bn_usd.residential,0.016,0.016,true,,,,,,,,
swift_contained,marketsim,cs_loss_by_sector_oil_bn_usd.commercial,0.016,0.016,true,,,,,,,,
swift_contained,marketsim,cs_loss_by_sector_gas_bn_usd.industrial,0.013,0.013,true,,,,,,,,
swift_contained,marketsim,cs_loss_by_sector_gas_bn_usd.residential,0.007,0.007,true,,,,,,,,
swift_contained,marketsim,cs_loss_by_sector_gas_bn_usd.commercial,0.005,0.005,true,,,,,,,,
swift_contained,marketsim,cs_loss_by_sector_gas_bn_usd.electric_power,0.016,0.016,true,,,,,,,,
swift_contained,marketsim,us_baseline_oil_consumption_mbd,19.0,19.0,true,,,,,,,,
swift_contained,marketsim,us_baseline_gas_consumption_bcfd,88.0,88.0,true,,,,,,,,
swift_escalated,weap_mena,desalination_capacity_loss_pct,30.0,30.0,true,,,,,,,,
swift_escalated,weap_mena,effective_desalination_loss_pct,30.0,30.0,true,,,,,,,,
swift_escalated,weap_mena,alternative_supply_available,,False,false,,,,,,,,
swift_escalated,weap_mena,disruption_duration_weeks,16.0,16.0,true,,,,,,,,
swift_escalated,weap_mena,unmet_demand_pct_by_country.qatar,18.0,18.0,true,,,,,,,,
swift_escalated,weap_mena,unmet_demand_pct_by_country.saudi arabia,6.0,6.0,true,,,,,,,,
swift_escalated,weap_mena,unmet_demand_pct_by_country.uae,12.6,12.6,true,,,,,,,,
swift_escalated,weap_mena,supply_coverage_pct_by_country.qatar,82.0,82.0,true,,,,,,,,
swift_escalated,weap_mena,supply_coverage_pct_by_country.saudi arabia,94.0,94.0,true,,,,,,,,
swift_escalated,weap_mena,supply_coverage_pct_by_country.uae,87.4,87.4,true,,,,,,,,
swift_escalated,weap_mena,aggregate_unmet_demand_pct,13.276,13.276,true,,,,,,,,
swift_escalated,weap_mena,unmet_demand_pct,13.276,13.276,true,,,,,,,,
swift_escalated,weap_mena,cumulative_water_deficit_pct_weeks,212.42,212.42,true,,,,,,,,
swift_escalated,weap_mena,population_affected_millions,30.0,30.0,true,,,,,,,,
swift_escalated,weap_mena,desal_dependence_by_country.uae,0.42,0.42,true,,,,,,,,
swift_escalated,weap_mena,desal_dependence_by_country.qatar,0.6,0.6,true,,,,,,,,
swift_escalated,weap_mena,desal_dependence_by_country.saudi_arabia,0.5,0.5,true,,,,,,,,
swift_escalated,weap_mena,desal_dependence_by_country.ksa,0.5,0.5,true,,,,,,,,
swift_escalated,weap_mena,desal_dependence_by_country.bahrain,0.65,0.65,true,,,,,,,,
swift_escalated,weap_mena,desal_dependence_by_country.kuwait,0.92,0.92,true,,,,,,,,
swift_escalated,weap_mena,desal_dependence_by_country.oman,0.3,0.3,true,,,,,,,,
swift_escalated,weap_mena,desal_dependence_by_country.iran,0.1,0.1,true,,,,,,,,
swift_escalated,weap_mena,desal_dependence_by_country.iraq,0.05,0.05,true,,,,,,,,
swift_escalated,cwatm,scenario_id,,swift_escalated,false,,,,,,,,
swift_escalated,cwatm,unmet_demand_pct,9.091,9.091,true,,,,,,,,
swift_escalated,cwatm,mean_discharge_deviation_pct,-0.0,-0.0,true,,,,,,,,
swift_escalated,cwatm,cumulative_water_deficit_pct_months,36.364,36.364,true,,,,,,,,
swift_escalated,cwatm,desalination_capacity_factor,1.0,1.0,true,,,,,,,,
swift_escalated,cwatm,demand_factor,1.1,1.1,true,,,,,,,,
swift_escalated,cwatm,supply_infrastructure_status,,damaged,false,,,,,,,,
swift_escalated,cwatm,disruption_duration_months,4.0,4.0,true,,,,,,,,
swift_escalated,poles_jrc,peak_price_usd_per_bbl,126.6,126.6,true,,,,,,,,
swift_escalated,poles_jrc,peak_price_change_pct,58.25,58.25,true,,,,,,,,
swift_escalated,poles_jrc,baseline_price_usd_per_bbl,80.0,80.0,true,,,,,,,,
swift_escalated,poles_jrc,rerouting_volume_mbd,4.32,4.32,true,,,,,,,,
swift_escalated,poles_jrc,substitution_volume_mbd,0.0,0.0,true,,,,,,,,
swift_escalated,poles_jrc,disruption_duration_months,4.0,4.0,true,,,,,,,,
swift_escalated,poles_jrc,supply_loss_mbd,4.32,4.32,true,,,,,,,,
swift_escalated,poles_jrc,supply_loss_pct_of_global,4.235,4.235,true,,,,,,,,
swift_escalated,marketsim,oil_price_shock_pct,50.0,50.0,true,,,,,,,,
swift_escalated,marketsim,natural_gas_price_change_pct,20.0,20.0,true,,,,,,,,
swift_escalated,marketsim,disruption_duration_months,4.0,4.0,true,,,,,,,,
swift_escalated,marketsim,consumer_surplus_loss_oil_bn_usd,46.927,46.927,true,,,,,,,,
swift_escalated,marketsim,consumer_surplus_loss_gas_bn_usd,3.925,3.925,true,,,,,,,,
swift_escalated,marketsim,consumer_surplus_loss_bn_usd,50.852,50.852,true,,,,,,,,
swift_escalated,marketsim,producer_surplus_change_oil_bn_usd,28.156,28.156,true,,,,,,,,
swift_escalated,marketsim,producer_surplus_change_gas_bn_usd,2.355,2.355,true,,,,,,,,
swift_escalated,marketsim,net_welfare_impact_bn_usd,-20.341,-20.341,true,,,,,,,,
swift_escalated,marketsim,oil_demand_destruction_mbd,-0.57,-0.57,true,,,,,,,,
swift_escalated,marketsim,gas_demand_destruction_bcfd,-1.76,-1.76,true,,,,,,,,
swift_escalated,marketsim,fuel_switching_oil_to_gas_mmbtu,277570333.3,277570333.3,true,,,,,,,,
swift_escalated,marketsim,fuel_switching_gas_to_oil_bbl,23116666.7,23116666.7,true,,,,,,,,
swift_escalated,marketsim,cs_loss_by_sector_oil_bn_usd.transport,32.38,32.38,true,,,,,,,,
swift_escalated,marketsim,cs_loss_by_sector_oil_bn_usd.industrial,10.793,10.793,true,,,,,,,,
swift_escalated,marketsim,cs_loss_by_sector_oil_bn_usd.residential,1.877,1.877,true,,,,,,,,
swift_escalated,marketsim,cs_loss_by_sector_oil_bn_usd.commercial,1.877,1.877,true,,,,,,,,
swift_escalated,marketsim,cs_loss_by_sector_gas_bn_usd.industrial,1.256,1.256,true,,,,,,,,
swift_escalated,marketsim,cs_loss_by_sector_gas_bn_usd.residential,0.628,0.628,true,,,,,,,,
swift_escalated,marketsim,cs_loss_by_sector_gas_bn_usd.commercial,0.51,0.51,true,,,,,,,,
swift_escalated,marketsim,cs_loss_by_sector_gas_bn_usd.electric_power,1.531,1.531,true,,,,,,,,
swift_escalated,marketsim,us_baseline_oil_consumption_mbd,19.0,19.0,true,,,,,,,,
swift_escalated,marketsim,us_baseline_gas_consumption_bcfd,88.0,88.0,true,,,,,,,,
swift_escalated,energy_flux_gas_power,build_scenario,,central,false,,,,,,,,
swift_escalated,energy_flux_gas_power,build_cap_mw_yr,10135.0,10135.0,true,,,,,,,,
swift_escalated,energy_flux_gas_power,total_pipeline_mw,252000.0,252000.0,true,,,,,,,,
swift_escalated,energy_flux_gas_power,total_commissioned_gw,101.35,101.35,true,,,,,,,,
swift_escalated,energy_flux_gas_power,years_to_clear_backlog,,,false,,,,,,,,
swift_escalated,energy_flux_gas_power,by_2030_new_gw,50.675,50.675,true,,,,,,,,
swift_escalated,energy_flux_gas_power,by_2030_bcf_per_day_mid,3.799891996142719,3.799891996142719,true,,,,,,,,
swift_escalated,energy_flux_gas_power,by_2035_new_gw,101.35,101.35,true,,,,,,,,
swift_escalated,energy_flux_gas_power,by_2035_bcf_per_day_mid,7.599783992285438,7.599783992285438,true,,,,,,,,
swift_escalated,lngst,qatar_export_reduction_pct,100.0,100.0,true,,,,,,,,
swift_escalated,lngst,uae_export_reduction_pct,0.0,0.0,true,,,,,,,,
swift_escalated,lngst,spot_price_multiplier,1.5,1.5,true,,,,,,,,
swift_escalated,lngst,disruption_duration_months,4.0,4.0,true,,,,,,,,
swift_escalated,lngst,supply_shortfall_bcm,36.667,36.667,true,,,,,,,,
swift_escalated,lngst,supply_shortfall_bcm_annualised,110.0,110.0,true,,,,,,,,
swift_escalated,lngst,global_supply_shortfall_pct,20.37,20.37,true,,,,,,,,
swift_escalated,lngst,implied_price_impulse_pct,50.926,50.926,true,,,,,,,,
swift_escalated,lngst,henry_hub_price,5.188,5.188,true,,,,,,,,
swift_escalated,lngst,ttf_price,24.903,24.903,true,,,,,,,,
swift_escalated,lngst,jkm_price,28.438,28.438,true,,,,,,,,
swift_escalated,lngst,lng_price_usd_mmbtu,24.903,24.903,true,,,,,,,,
swift_escalated,lngst,hub_baseline_prices.henry_hub,3.0,3.0,true,,,,,,,,
swift_escalated,lngst,hub_baseline_prices.ttf,11.0,11.0,true,,,,,,,,
swift_escalated,lngst,hub_baseline_prices.jkm,13.0,13.0,true,,,,,,,,
swift_escalated,lngst,hub_passthrough_coefficients.henry_hub,0.3,0.3,true,,,,,,,,
swift_escalated,lngst,hub_passthrough_coefficients.ttf,1.0,1.0,true,,,,,,,,
swift_escalated,lngst,hub_passthrough_coefficients.jkm,0.9,0.9,true,,,,,,,,
swift_contained,energy_flux_gas_power,build_scenario,,central,false,,,,,,,,
swift_contained,energy_flux_gas_power,build_cap_mw_yr,10135.0,10135.0,true,,,,,,,,
swift_contained,energy_flux_gas_power,total_pipeline_mw,252000.0,252000.0,true,,,,,,,,
swift_contained,energy_flux_gas_power,total_commissioned_gw,101.35,101.35,true,,,,,,,,
swift_contained,energy_flux_gas_power,years_to_clear_backlog,,,false,,,,,,,,
swift_contained,energy_flux_gas_power,by_2030_new_gw,50.675,50.675,true,,,,,,,,
swift_contained,energy_flux_gas_power,by_2030_bcf_per_day_mid,3.799891996142719,3.799891996142719,true,,,,,,,,
swift_contained,energy_flux_gas_power,by_2035_new_gw,101.35,101.35,true,,,,,,,,
swift_contained,energy_flux_gas_power,by_2035_bcf_per_day_mid,7.599783992285438,7.599783992285438,true,,,,,,,,
swift_escalated,world_helium_model,equilibrium_price_usd_per_mscf,280.0,280.0,true,,,,,,,,
swift_escalated,world_helium_model,baseline_price_usd_per_mscf,280.0,280.0,true,,,,,,,,
swift_escalated,world_helium_model,price_change_pct,0.0,0.0,true,,,,,,,,
swift_escalated,world_helium_model,effective_supply_gap_pct,0.0,0.0,true,,,,,,,,
swift_escalated,world_helium_model,demand_rationing_mmscf,0.0,0.0,true,,,,,,,,
swift_escalated,world_helium_model,sector_allocation_share.mri_medical,0.32,0.32,true,,,,,,,,
swift_escalated,world_helium_model,sector_allocation_share.semiconductors,0.28,0.28,true,,,,,,,,
swift_escalated,world_helium_model,sector_allocation_share.cryogenics_research,0.2,0.2,true,,,,,,,,
swift_escalated,world_helium_model,sector_allocation_share.aerospace_defense,0.12,0.12,true,,,,,,,,
swift_escalated,world_helium_model,sector_allocation_share.other,0.08,0.08,true,,,,,,,,
swift_escalated,world_helium_model,rationing_share_by_sector.mri_medical,0.198,0.198,true,,,,,,,,
swift_escalated,world_helium_model,rationing_share_by_sector.semiconductors,0.2079,0.2079,true,,,,,,,,
swift_escalated,world_helium_model,rationing_share_by_sector.cryogenics_research,0.297,0.297,true,,,,,,,,
swift_escalated,world_helium_model,rationing_share_by_sector.aerospace_defense,0.1485,0.1485,true,,,,,,,,
swift_escalated,world_helium_model,rationing_share_by_sector.other,0.1485,0.1485,true,,,,,,,,
swift_escalated,world_helium_model,inventory_drawdown_months,0.0,0.0,true,,,,,,,,
swift_escalated,world_helium_model,qatar_helium_supply_loss_pct,0.0,0.0,true,,,,,,,,
swift_escalated,world_helium_model,disruption_duration_months,4.0,4.0,true,,,,,,,,
prolonged_escalated,pycge,gdp_impact_pct,-1.0575,-1.0575,true,,,,,,,,
prolonged_escalated,pycge,gdp_growth_pct,-1.0575,-1.0575,true,,,,,,,,
prolonged_escalated,pycge,gdp_growth_pct_year1,-1.0575,-1.0575,true,,,,,,,,
prolonged_escalated,pycge,cpi_inflation_pct,2.0668,2.0668,true,,,,,,,,
prolonged_escalated,pycge,cpi_inflation_pct_year1,2.0668,2.0668,true,,,,,,,,
prolonged_escalated,pycge,consumption_impact_pct,-1.8842,-1.8842,true,,,,,,,,
prolonged_escalated,pycge,welfare_pct_change,-1.8842,-1.8842,true,,,,,,,,
prolonged_escalated,pycge,wage_impact_pct,0.7113,0.7113,true,,,,,,,,
prolonged_escalated,pycge,interest_rate_impact_pct,0.769,0.769,true,,,,,,,,
prolonged_escalated,pycge,sectoral_output_pct_change.agriculture,-0.1133,-0.1133,true,,,,,,,,
prolonged_escalated,pycge,sectoral_output_pct_change.industry,-0.253,-0.253,true,,,,,,,,
prolonged_escalated,pycge,sectoral_output_pct_change.energy,0.4612,0.4612,true,,,,,,,,
prolonged_escalated,pycge,sectoral_output_pct_change.services,-0.8404,-0.8404,true,,,,,,,,
prolonged_escalated,pycge,_inputs.duration_months,7.0,7.0,true,,,,,,,,
prolonged_escalated,pycge,_inputs.regime,,short_run,false,,,,,,,,
prolonged_escalated,pycge,_inputs.duration_scaler,0.6527,0.6527,true,,,,,,,,
prolonged_escalated,pycge,_applied_shocks.oil,51.82,51.82,true,,,,,,,,
prolonged_escalated,pycge,_applied_shocks.lng,25.0,25.0,true,,,,,,,,
prolonged_escalated,pycge,_applied_shocks.fertilizer,23.756,23.756,true,,,,,,,,
prolonged_escalated,pycge,_applied_shocks.helium,30.0,30.0,true,,,,,,,,
prolonged_escalated,pycge,_duration_months,7.0,7.0,true,,,,,,,,
prolonged_escalated,pycge,_overrides.p_oil,1.5182,1.5182,true,,,,,,,,
prolonged_escalated,pycge,_overrides.p_energy,1.89775,1.89775,true,,,,,,,,
prolonged_escalated,pycge,_overrides.p_gas,1.25,1.25,true,,,,,,,,
prolonged_escalated,pycge,_overrides.p_fert,1.23756,1.23756,true,,,,,,,,
prolonged_escalated,pycge,_overrides.p_intermediate,1.23756,1.23756,true,,,,,,,,
prolonged_escalated,pycge,_overrides.p_helium,1.3,1.3,true,,,,,,,,
prolonged_escalated,pycge,_used_analytical_mvp,,True,false,,,,,,,,
prolonged_escalated,pycge,_execution_mode,,analytical_mvp,false,,,,,,,,
prolonged_escalated,pycge,_regional_source,,macro_kernel_derived,false,,,,,,,,
prolonged_escalated,pycge,_provenance_note,,PyCGE analytical-MVP closed-form macro kernel (literature-calibrated elasticities). Activates when the optional cge_modeling package is missing or its pre-alpha API does not match this adapter's expectations.,false,,,,,,,,
swift_escalated,world_fertilizer,natural_gas_price_change_pct,25.0,25.0,true,,,,,,,,
swift_escalated,world_fertilizer,middle_east_production_loss_pct,30.0,30.0,true,,,,,,,,
swift_escalated,world_fertilizer,disruption_duration_months,4.0,4.0,true,,,,,,,,
swift_escalated,world_fertilizer,nitrogen_price_pct,49.75,49.75,true,,,,,,,,
swift_escalated,world_fertilizer,phosphate_price_pct,2.488,2.488,true,,,,,,,,
swift_escalated,world_fertilizer,potash_price_pct,2.488,2.488,true,,,,,,,,
swift_escalated,world_fertilizer,fertilizer_price_index_pct,23.756,23.756,true,,,,,,,,
swift_escalated,world_fertilizer,price_urea_pct,49.75,49.75,true,,,,,,,,
swift_escalated,world_fertilizer,price_dap_pct,2.488,2.488,true,,,,,,,,
swift_escalated,world_fertilizer,price_mop_pct,2.488,2.488,true,,,,,,,,
swift_escalated,world_fertilizer,trade_flows.middle_east_exports_pct_change,-30.0,-30.0,true,,,,,,,,
swift_escalated,world_fertilizer,trade_flows.us_exports_pct_change,6.0,6.0,true,,,,,,,,
swift_escalated,world_fertilizer,trade_flows.russia_exports_pct_change,8.4,8.4,true,,,,,,,,
swift_escalated,world_fertilizer,trade_flows.algeria_exports_pct_change,4.8,4.8,true,,,,,,,,
swift_escalated,world_fertilizer,fertilizer_index_weights.urea,0.45,0.45,true,,,,,,,,
swift_escalated,world_fertilizer,fertilizer_index_weights.dap,0.3,0.3,true,,,,,,,,
swift_escalated,world_fertilizer,fertilizer_index_weights.mop,0.25,0.25,true,,,,,,,,
swift_escalated,apsim,fertilizer_application_reduction_pct,0.0,0.0,true,,,,,,,,
swift_escalated,apsim,irrigation_water_reduction_pct,0.0,0.0,true,,,,,,,,
swift_escalated,apsim,growing_season,,winter,false,,,,,,,,
swift_escalated,apsim,yield_pct_change_by_crop.wheat,-0.0,-0.0,true,,,,,,,,
swift_escalated,apsim,yield_pct_change_by_crop.rice,-0.0,-0.0,true,,,,,,,,
swift_escalated,apsim,yield_pct_change_by_crop.maize,-0.0,-0.0,true,,,,,,,,
swift_escalated,apsim,mean_yield_pct_change,0.0,0.0,true,,,,,,,,
swift_escalated,apsim,n_limited_yield_share_by_crop.wheat,0.0,0.0,true,,,,,,,,
swift_escalated,apsim,n_limited_yield_share_by_crop.rice,0.0,0.0,true,,,,,,,,
swift_escalated,apsim,n_limited_yield_share_by_crop.maize,0.0,0.0,true,,,,,,,,
swift_escalated,apsim,water_limited_yield_share_by_crop.wheat,0.0,0.0,true,,,,,,,,
swift_escalated,apsim,water_limited_yield_share_by_crop.rice,0.0,0.0,true,,,,,,,,
swift_escalated,apsim,water_limited_yield_share_by_crop.maize,0.0,0.0,true,,,,,,,,
swift_escalated,apsim,n_use_efficiency_baseline,25.0,25.0,true,,,,,,,,
swift_escalated,apsim,n_use_efficiency_new,25.0,25.0,true,,,,,,,,
swift_escalated,apsim,n_use_efficiency_change_pct,0.0,0.0,true,,,,,,,,
swift_escalated,apsim,crop_yield_loss_pct,-0.0,-0.0,true,,,,,,,,
swift_escalated,futures,peak_price_index_per_commodity.Oil,1.21,1.21,true,,,,,,,,
swift_escalated,futures,peak_price_index_per_commodity.LNG,1.21,1.21,true,,,,,,,,
swift_escalated,futures,time_to_normalization_months_per_commodity.Oil,,,false,,,,,,,,
swift_escalated,futures,time_to_normalization_months_per_commodity.LNG,,,false,,,,,,,,
swift_escalated,futures,forecast_horizon_months,4,4,true,,,,,,,,
swift_escalated,futures,initial_price_shock_pct,21.0,21.0,true,,,,,,,,
swift_escalated,aisdb,strait_closure_flag,,True,false,,,,,,,,
swift_escalated,aisdb,additional_transit_days_by_route.cape_of_good_hope,9.5,9.5,true,,,,,,,,
swift_escalated,aisdb,max_additional_transit_days,9.5,9.5,true,,,,,,,,
swift_escalated,aisdb,fleet_utilization_drop_pct_by_vessel.lng_carrier,35.185,35.185,true,,,,,,,,
swift_escalated,aisdb,fleet_utilization_drop_pct_by_vessel.tanker,29.688,29.688,true,,,,,,,,
swift_escalated,aisdb,effective_fleet_capacity_loss_pct,31.154,31.154,true,,,,,,,,
swift_escalated,aisdb,rerouting_cost_multiplier,1.1869,1.1869,true,,,,,,,,
swift_escalated,aisdb,war_risk_insurance_premium_pct,200.0,200.0,true,,,,,,,,
swift_escalated,aisdb,hormuz_traffic_share_weights.lng_carrier,0.26666666666666666,0.26666666666666666,true,,,,,,,,
swift_escalated,aisdb,hormuz_traffic_share_weights.tanker,0.7333333333333334,0.7333333333333334,true,,,,,,,,
swift_escalated,ais_project,strait_closure_flag,,True,false,,,,,,,,
swift_escalated,ais_project,rerouting_via_cape,,False,false,,,,,,,,
swift_escalated,ais_project,additional_transit_days,0.0,0.0,true,,,,,,,,
swift_escalated,ais_project,fleet_utilization_multiplier,1.0,1.0,true,,,,,,,,
swift_escalated,ais_project,effective_fleet_capacity_loss_pct,0.0,0.0,true,,,,,,,,
swift_escalated,ais_project,tanker_rate_change_pct,0.0,0.0,true,,,,,,,,
swift_escalated,ais_project,rerouting_cost_multiplier,1.0,1.0,true,,,,,,,,
swift_escalated,ais_project,voyage_days_lost_per_baseline_voyage,0.0,0.0,true,,,,,,,,
swift_escalated,ais_project,disruption_duration_months,4.0,4.0,true,,,,,,,,
